date,cbp_apprehended,cbp_custody,cbp_transferred,hhs_care,hhs_discharged,total_system_load,net_daily_intake,hhs_growth_rate_pct,hhs_care_7day_avg,hhs_care_14day_avg,cumulative_net_intake
2023-01-12,33.0,53.0,34.0,6566,436.0,6619.0,-402.0,,,,-402.0
2023-01-22,32.0,49.0,39.0,7122,227.0,7171.0,-188.0,8.467864757843447,,,-590.0
2023-01-23,32.0,50.0,39.0,7280,181.0,7330.0,-142.0,2.218477955630438,,,-732.0
2023-01-24,47.0,42.0,47.0,7433,175.0,7475.0,-128.0,2.101648351648344,,,-860.0
2023-01-25,20.0,22.0,41.0,7538,180.0,7560.0,-139.0,1.412619399973103,,,-999.0
2023-01-29,23.0,45.0,11.0,7472,303.0,7517.0,-292.0,-0.8755638100291896,,,-1291.0
2023-01-30,34.0,54.0,29.0,7743,196.0,7797.0,-167.0,3.626873661670227,7307.714285714285,,-1458.0
2023-01-31,26.0,36.0,36.0,7803,158.0,7839.0,-122.0,0.7748934521503381,7484.428571428572,,-1580.0
2023-02-01,25.0,32.0,27.0,7903,231.0,7935.0,-204.0,1.281558374983982,7596.0,,-1784.0
2023-02-02,15.0,13.0,23.0,7879,298.0,7892.0,-275.0,-0.3036821460205008,7681.571428571428,,-2059.0
2023-02-05,16.0,18.0,15.0,7586,342.0,7604.0,-327.0,-3.7187460337606337,7703.428571428572,,-2386.0
2023-02-06,11.0,22.0,12.0,7720,196.0,7742.0,-184.0,1.7664118112312055,7729.428571428572,,-2570.0
2023-02-07,16.0,20.0,20.0,7855,200.0,7875.0,-180.0,1.7487046632124414,7784.142857142857,,-2750.0
2023-02-08,93.0,196.0,169.0,7915,317.0,8111.0,-148.0,0.7638446849140612,7808.714285714285,7558.214285714285,-2898.0
2023-02-09,124.0,234.0,161.0,7908,353.0,8142.0,-192.0,-0.08843967150978793,7823.714285714285,7654.071428571428,-3090.0
2023-02-12,92.0,203.0,173.0,7434,317.0,7637.0,-144.0,-5.993930197268593,7756.714285714285,7676.357142857143,-3234.0
2023-02-13,186.0,259.0,172.0,7483,244.0,7742.0,-72.0,0.6591337099811634,7700.142857142857,7690.857142857143,-3306.0
2023-02-14,154.0,225.0,220.0,7794,223.0,8019.0,-3.0,4.156087130829889,7729.857142857143,7716.642857142857,-3309.0
2023-02-15,91.0,199.0,172.0,7869,290.0,8068.0,-118.0,0.9622786759045487,7751.142857142857,7740.285714285715,-3427.0
2023-02-16,81.0,213.0,153.0,7793,361.0,8006.0,-208.0,-0.9658152242978724,7742.285714285715,7763.214285714285,-3635.0
2023-02-20,209.0,285.0,184.0,7817,209.0,8102.0,-25.0,0.3079686898498579,7728.285714285715,7768.5,-3660.0
2023-02-21,184.0,314.0,217.0,7967,213.0,8281.0,4.0,1.9188947166432158,7736.714285714285,7780.214285714285,-3656.0
2023-02-22,107.0,215.0,230.0,7978,232.0,8193.0,-2.0,0.138069536839458,7814.428571428572,7785.571428571428,-3658.0
2023-02-23,101.0,162.0,178.0,7914,386.0,8076.0,-208.0,-0.8022060666833752,7876.0,7788.071428571428,-3866.0
2023-02-26,99.0,190.0,176.0,7609,323.0,7799.0,-147.0,-3.853929744756124,7849.571428571428,7789.714285714285,-4013.0
2023-02-27,167.0,239.0,166.0,7800,248.0,8039.0,-82.0,2.510185306873436,7839.714285714285,7795.428571428572,-4095.0
2023-02-28,115.0,216.0,169.0,7896,200.0,8112.0,-31.0,1.2307692307692353,7854.428571428572,7798.357142857143,-4126.0
2023-03-01,84.0,158.0,193.0,7930,307.0,8088.0,-114.0,0.4305977710233,7870.571428571428,7799.428571428572,-4240.0
2023-03-02,130.0,227.0,192.0,7870,335.0,8097.0,-143.0,-0.7566204287515754,7856.714285714285,7796.714285714285,-4383.0
2023-03-07,88.0,214.0,160.0,7859,259.0,8073.0,-99.0,-0.13977128335450617,7839.714285714285,7827.071428571428,-4482.0
2023-03-08,113.0,208.0,159.0,7885,291.0,8093.0,-132.0,0.33083089451584335,7835.571428571428,7855.785714285715,-4614.0
2023-03-09,174.0,285.0,150.0,7786,340.0,8071.0,-190.0,-1.2555485098287855,7860.857142857143,7855.214285714285,-4804.0
2023-03-13,104.0,230.0,206.0,7567,249.0,7797.0,-43.0,-2.812740816850756,7827.571428571428,7833.642857142857,-4847.0
2023-03-14,147.0,276.0,214.0,7810,181.0,8086.0,33.0,3.2113122769922064,7815.285714285715,7834.857142857143,-4814.0
2023-03-15,108.0,220.0,213.0,7915,286.0,8135.0,-73.0,1.3444302176696565,7813.142857142857,7841.857142857143,-4887.0
2023-03-16,180.0,280.0,146.0,7989,308.0,8269.0,-162.0,0.934933670246374,7830.142857142857,7843.428571428572,-5049.0
2023-03-19,134.0,294.0,186.0,7885,306.0,8179.0,-120.0,-1.3017899611966421,7833.857142857143,7836.785714285715,-5169.0
2023-03-20,202.0,313.0,158.0,7931,279.0,8244.0,-121.0,0.5833861762840842,7840.428571428572,7838.0,-5290.0
2023-03-21,110.0,272.0,193.0,8050,221.0,8322.0,-28.0,1.5004413062665423,7878.142857142857,7869.5,-5318.0
2023-03-22,166.0,277.0,229.0,8097,246.0,8374.0,-17.0,0.5838509316770102,7953.857142857143,7890.714285714285,-5335.0
2023-03-23,136.0,276.0,178.0,8102,331.0,8378.0,-153.0,0.06175126590095559,7995.571428571428,7905.428571428572,-5488.0
2023-03-26,87.0,246.0,173.0,7847,352.0,8093.0,-179.0,-3.147371019501355,7985.857142857143,7899.5,-5667.0
2023-03-27,84.0,171.0,157.0,7994,235.0,8165.0,-78.0,1.873327386262269,7986.571428571428,7908.357142857143,-5745.0
2023-03-28,167.0,209.0,157.0,8079,223.0,8288.0,-66.0,1.0632974731048295,8014.285714285715,7924.071428571428,-5811.0
2023-03-29,109.0,245.0,159.0,8208,267.0,8453.0,-108.0,1.596732268845158,8053.857142857143,7947.142857142857,-5919.0
2023-03-30,156.0,256.0,176.0,8158,359.0,8414.0,-183.0,-0.6091617933723148,8069.285714285715,7973.714285714285,-6102.0
2023-04-02,125.0,232.0,192.0,7981,304.0,8213.0,-112.0,-2.169649423878406,8052.714285714285,8003.285714285715,-6214.0
2023-04-03,118.0,139.0,168.0,8054,284.0,8193.0,-116.0,0.9146723468236972,8045.857142857143,8020.714285714285,-6330.0
2023-04-04,142.0,235.0,139.0,8068,259.0,8303.0,-120.0,0.17382666997765028,8077.428571428572,8031.642857142857,-6450.0
2023-04-05,148.0,245.0,175.0,8175,260.0,8420.0,-85.0,1.3262270699057943,8103.285714285715,8044.928571428572,-6535.0
2023-04-06,119.0,219.0,210.0,8178,284.0,8397.0,-74.0,0.03669724770642979,8117.428571428572,8065.857142857143,-6609.0
2023-04-09,105.0,210.0,149.0,7900,329.0,8110.0,-180.0,-3.3993641477133796,8073.428571428572,8063.642857142857,-6789.0
2023-04-10,143.0,203.0,163.0,7826,265.0,8029.0,-102.0,-0.9367088607594942,8026.0,8047.642857142857,-6891.0
2023-04-11,119.0,209.0,152.0,7922,187.0,8131.0,-35.0,1.2266802964477463,8017.571428571428,8035.142857142857,-6926.0
2023-04-12,155.0,212.0,181.0,7876,283.0,8088.0,-102.0,-0.5806614491290052,7992.142857142857,8019.0,-7028.0
2023-04-13,109.0,214.0,173.0,7795,370.0,8009.0,-197.0,-1.0284408329101047,7953.142857142857,8015.285714285715,-7225.0
2023-04-16,191.0,283.0,192.0,7380,272.0,7663.0,-80.0,-5.32392559332906,7839.571428571428,7971.428571428572,-7305.0
2023-04-17,170.0,297.0,196.0,7344,248.0,7641.0,-52.0,-0.4878048780487809,7720.428571428572,7918.928571428572,-7357.0
2023-04-18,152.0,272.0,214.0,7376,234.0,7648.0,-20.0,0.43572984749455923,7645.571428571428,7859.5,-7377.0
2023-04-19,239.0,367.0,224.0,7356,229.0,7723.0,-5.0,-0.27114967462038564,7578.428571428572,7802.214285714285,-7382.0
2023-04-20,113.0,280.0,237.0,7490,320.0,7770.0,-83.0,1.8216421968461072,7516.714285714285,7767.142857142857,-7465.0
2023-04-23,196.0,306.0,187.0,7534,266.0,7840.0,-79.0,0.5874499332443328,7467.857142857143,7730.0,-7544.0
2023-04-24,236.0,330.0,222.0,7796,213.0,8126.0,9.0,3.47756835678259,7468.0,7710.571428571428,-7535.0
2023-04-25,81.0,230.0,242.0,8017,202.0,8247.0,40.0,2.834787070292455,7559.0,7699.285714285715,-7495.0
2023-04-26,118.0,245.0,160.0,8117,256.0,8362.0,-96.0,1.2473493825620574,7669.428571428572,7694.928571428572,-7591.0
2023-04-27,218.0,283.0,208.0,8159,310.0,8442.0,-102.0,0.5174325489712972,7781.285714285715,7713.428571428572,-7693.0
2023-04-30,132.0,243.0,183.0,8352,293.0,8595.0,-110.0,2.3654859664174577,7923.571428571428,7751.0,-7803.0
2023-05-01,224.0,315.0,152.0,8492,237.0,8807.0,-85.0,1.676245210727978,8066.714285714285,7791.714285714285,-7888.0
2023-05-02,167.0,326.0,213.0,8654,245.0,8980.0,-32.0,1.9076778144135664,8226.714285714286,7847.285714285715,-7920.0
2023-05-03,209.0,353.0,232.0,8704,267.0,9057.0,-35.0,0.5777675063554533,8356.42857142857,7912.214285714285,-7955.0
2023-05-04,153.0,253.0,286.0,8790,332.0,9043.0,-46.0,0.9880514705882248,8466.857142857143,8012.928571428572,-8001.0
2023-05-07,180.0,337.0,219.0,8485,375.0,8822.0,-156.0,-3.469852104664395,8519.42857142857,8094.428571428572,-8157.0
2023-05-08,133.0,287.0,189.0,8590,261.0,8877.0,-72.0,1.2374779021803173,8581.0,8181.142857142857,-8229.0
2023-05-09,187.0,310.0,247.0,8606,250.0,8916.0,-3.0,0.1862630966239731,8617.285714285714,8270.42857142857,-8232.0
2023-05-10,168.0,285.0,210.0,8681,304.0,8966.0,-94.0,0.8714850104578176,8644.285714285714,8355.5,-8326.0
2023-05-11,269.0,412.0,204.0,8672,392.0,9084.0,-188.0,-0.10367469185578182,8646.857142857143,8436.785714285714,-8514.0
2023-05-14,100.0,255.0,236.0,8445,288.0,8700.0,-52.0,-2.617619926199266,8609.857142857143,8483.142857142857,-8566.0
2023-05-15,205.0,294.0,177.0,8571,277.0,8865.0,-100.0,1.492007104795734,8578.57142857143,8522.714285714286,-8666.0
2023-05-16,161.0,304.0,211.0,8572,272.0,8876.0,-61.0,0.01166725002916813,8591.0,8555.214285714286,-8727.0
2023-05-17,57.0,162.0,193.0,8569,307.0,8731.0,-114.0,-0.03499766682221184,8588.0,8584.5,-8841.0
2023-05-18,80.0,122.0,152.0,8474,351.0,8596.0,-199.0,-1.1086474501108667,8569.142857142857,8593.214285714286,-9040.0
2023-05-21,107.0,170.0,133.0,7826,343.0,7996.0,-210.0,-7.646919990559353,8447.0,8545.642857142857,-9250.0
2023-05-22,99.0,156.0,139.0,7848,240.0,8004.0,-101.0,0.28111423460259743,8329.285714285714,8488.07142857143,-9351.0
2023-05-23,25.0,66.0,94.0,7788,246.0,7854.0,-152.0,-0.7645259938837912,8235.42857142857,8422.642857142857,-9503.0
2023-05-24,35.0,70.0,53.0,7709,276.0,7779.0,-223.0,-1.0143810991268598,8112.285714285715,8345.42857142857,-9726.0
2023-05-25,43.0,73.0,64.0,7546,408.0,7619.0,-344.0,-2.114411726553378,7965.714285714285,8278.357142857143,-10070.0
2023-05-29,41.0,60.0,71.0,6996,207.0,7056.0,-136.0,-7.288629737609331,7741.0,8164.5,-10206.0
2023-05-30,65.0,83.0,65.0,7046,168.0,7129.0,-103.0,0.7146941109205329,7537.0,8053.071428571428,-10309.0
2023-05-31,38.0,80.0,82.0,7053,210.0,7133.0,-128.0,0.09934714731762995,7426.571428571428,7936.785714285715,-10437.0
2023-06-01,56.0,82.0,68.0,7002,287.0,7084.0,-219.0,-0.7230965546575874,7305.714285714285,7817.5,-10656.0
2023-06-04,74.0,103.0,80.0,6555,292.0,6658.0,-212.0,-6.383890317052265,7129.571428571428,7682.5,-10868.0
2023-06-05,68.0,107.0,102.0,6523,189.0,6630.0,-87.0,-0.4881769641495004,6960.142857142857,7536.214285714285,-10955.0
2023-06-06,92.0,124.0,93.0,6508,187.0,6632.0,-94.0,-0.2299555419285615,6811.857142857143,7388.785714285715,-11049.0
2023-06-07,113.0,162.0,107.0,6483,208.0,6645.0,-101.0,-0.3841425937307963,6738.571428571428,7239.785714285715,-11150.0
2023-06-08,106.0,196.0,131.0,6446,255.0,6642.0,-124.0,-0.5707234305105668,6652.857142857143,7094.928571428572,-11274.0
2023-06-11,86.0,152.0,168.0,6007,238.0,6159.0,-70.0,-6.810425069810733,6503.428571428572,6965.0,-11344.0
2023-06-12,84.0,118.0,136.0,6021,177.0,6139.0,-41.0,0.2330614283336141,6363.285714285715,6834.5,-11385.0
2023-06-13,59.0,64.0,117.0,6061,146.0,6125.0,-29.0,0.6643414715163498,6292.714285714285,6711.142857142857,-11414.0
2023-06-14,62.0,97.0,52.0,6065,167.0,6162.0,-115.0,0.06599571027883222,6227.285714285715,6593.714285714285,-11529.0
2023-06-15,91.0,75.0,97.0,6038,272.0,6113.0,-175.0,-0.44517724649628665,6160.142857142857,6486.0,-11704.0
2023-06-19,29.0,51.0,11.0,5679,142.0,5730.0,-131.0,-5.9456773766147775,6045.285714285715,6391.928571428572,-11835.0
2023-06-20,33.0,53.0,34.0,5904,134.0,5957.0,-100.0,3.961965134706813,5967.857142857143,6310.357142857143,-11935.0
2023-06-21,93.0,196.0,169.0,5922,149.0,6118.0,20.0,0.304878048780477,5955.714285714285,6229.571428571428,-11915.0
2023-06-22,124.0,234.0,161.0,5956,207.0,6190.0,-46.0,0.5741303613644,5946.428571428572,6154.857142857143,-11961.0
2023-06-25,92.0,203.0,173.0,5766,263.0,5969.0,-90.0,-3.1900604432505086,5904.285714285715,6098.5,-12051.0
2023-06-26,186.0,259.0,172.0,5819,174.0,6078.0,-2.0,0.9191814082552874,5869.142857142857,6048.214285714285,-12053.0
2023-06-27,154.0,225.0,220.0,5917,155.0,6142.0,65.0,1.684138168070115,5851.857142857143,6006.0,-11988.0
2023-06-28,91.0,199.0,172.0,5999,174.0,6198.0,-2.0,1.3858374176102695,5897.571428571428,5971.428571428572,-11990.0
2023-06-29,81.0,213.0,153.0,6058,213.0,6271.0,-60.0,0.9834972495415872,5919.571428571428,5943.714285714285,-12050.0
2023-07-02,209.0,285.0,184.0,5903,309.0,6188.0,-125.0,-2.5586001980851814,5916.857142857143,5936.285714285715,-12175.0
2023-07-04,184.0,314.0,217.0,6127,124.0,6441.0,93.0,3.7946806708453407,5941.285714285715,5943.857142857143,-12082.0
2023-07-05,107.0,215.0,230.0,6193,167.0,6408.0,63.0,1.077199281867136,6002.285714285715,5953.285714285715,-12019.0
2023-07-06,101.0,162.0,178.0,6239,205.0,6401.0,-27.0,0.7427740997900889,6062.285714285715,5965.714285714285,-12046.0
2023-07-09,99.0,190.0,176.0,6214,196.0,6404.0,-20.0,-0.40070524122455264,6104.714285714285,5978.285714285715,-12066.0
2023-07-10,167.0,239.0,166.0,6346,163.0,6585.0,3.0,2.124235597038937,6154.285714285715,6025.928571428572,-12063.0
2023-07-11,115.0,216.0,169.0,6498,143.0,6714.0,26.0,2.39520958083832,6217.142857142857,6068.357142857143,-12037.0
2023-07-12,84.0,158.0,193.0,6521,210.0,6679.0,-17.0,0.35395506309634506,6305.428571428572,6111.142857142857,-12054.0
2023-07-13,130.0,227.0,192.0,6604,226.0,6831.0,-34.0,1.272810918570766,6373.571428571428,6157.428571428572,-12088.0
2023-07-16,88.0,214.0,160.0,6468,218.0,6682.0,-58.0,-2.059357964869779,6412.857142857143,6207.571428571428,-12146.0
2023-07-17,113.0,208.0,159.0,6632,160.0,6840.0,-1.0,2.535559678416832,6469.0,6265.642857142857,-12147.0
2023-07-18,174.0,285.0,150.0,6874,181.0,7159.0,-31.0,3.648974668275029,6563.285714285715,6334.0,-12178.0
2023-07-19,104.0,230.0,206.0,7001,226.0,7231.0,-20.0,1.8475414605760854,6656.857142857143,6405.571428571428,-12198.0
2023-07-20,147.0,276.0,214.0,7116,281.0,7392.0,-67.0,1.6426224825025093,6745.142857142857,6481.142857142857,-12265.0
2023-07-23,108.0,220.0,213.0,7052,276.0,7272.0,-63.0,-0.8993816750983652,6821.0,6563.214285714285,-12328.0
2023-07-24,180.0,280.0,146.0,7220,187.0,7500.0,-41.0,2.382302892796373,6909.0,6641.285714285715,-12369.0
2023-07-25,134.0,294.0,186.0,7510,136.0,7804.0,50.0,4.016620498614953,7057.857142857143,6735.357142857143,-12319.0
2023-07-26,202.0,313.0,158.0,7647,215.0,7960.0,-57.0,1.8242343541944095,7202.857142857143,6835.928571428572,-12376.0
2023-07-27,110.0,272.0,193.0,7754,259.0,8026.0,-66.0,1.3992415326271823,7328.571428571428,6945.928571428572,-12442.0
2023-07-30,166.0,277.0,229.0,7671,305.0,7948.0,-76.0,-1.0704152695383051,7424.285714285715,7040.571428571428,-12518.0
2023-07-31,136.0,276.0,178.0,7800,220.0,8076.0,-42.0,1.6816581931951458,7522.0,7133.571428571428,-12560.0
2023-08-01,87.0,246.0,173.0,8103,168.0,8349.0,5.0,3.8846153846153753,7672.142857142857,7246.571428571428,-12555.0
2023-08-02,84.0,171.0,157.0,8261,271.0,8432.0,-114.0,1.9498951005800347,7820.857142857143,7364.928571428572,-12669.0
2023-08-03,167.0,209.0,157.0,8294,339.0,8503.0,-182.0,0.3994673768308976,7932.857142857143,7495.357142857143,-12851.0
2023-08-06,109.0,245.0,159.0,8298,322.0,8543.0,-163.0,0.04822763443452782,8025.857142857143,7614.357142857143,-13014.0
2023-08-07,156.0,256.0,176.0,8493,202.0,8749.0,-26.0,2.349963846710046,8131.428571428572,7730.0,-13040.0
2023-08-08,125.0,232.0,192.0,8725,207.0,8957.0,-15.0,2.7316613681855673,8282.0,7853.142857142857,-13055.0
2023-08-09,118.0,139.0,168.0,8888,251.0,9027.0,-83.0,1.8681948424068784,8437.42857142857,7979.714285714285,-13138.0
2023-08-10,142.0,235.0,139.0,8914,353.0,9149.0,-214.0,0.29252925292528875,8553.285714285714,8112.714285714285,-13352.0
2023-08-16,148.0,245.0,175.0,9634,288.0,9879.0,-113.0,8.077181960960278,8749.42857142857,8285.142857142857,-13465.0
2023-08-17,119.0,219.0,210.0,9694,407.0,9913.0,-197.0,0.6227942702927036,8949.42857142857,8441.142857142857,-13662.0
2023-08-20,105.0,210.0,149.0,9483,390.0,9693.0,-241.0,-2.1766040850010326,9118.714285714286,8572.285714285714,-13903.0
2023-08-21,143.0,203.0,163.0,9668,281.0,9871.0,-118.0,1.9508594326689943,9286.57142857143,8709.0,-14021.0
2023-08-22,119.0,209.0,152.0,9921,230.0,10130.0,-78.0,2.616880430285473,9457.42857142857,8869.714285714286,-14099.0
2023-08-23,155.0,212.0,181.0,10071,285.0,10283.0,-104.0,1.5119443604475258,9626.42857142857,9031.92857142857,-14203.0
2023-08-24,109.0,214.0,173.0,10026,443.0,10240.0,-270.0,-0.44682752457551045,9785.285714285714,9169.285714285714,-14473.0
2023-08-27,191.0,283.0,192.0,9873,488.0,10156.0,-296.0,-1.526032315978454,9819.42857142857,9284.42857142857,-14769.0
2023-08-28,170.0,297.0,196.0,10012,388.0,10309.0,-192.0,1.4078800769776079,9864.857142857143,9407.142857142857,-14961.0
2023-08-29,152.0,272.0,214.0,10180,286.0,10452.0,-72.0,1.6779864163004365,9964.42857142857,9541.57142857143,-15033.0
2023-08-30,239.0,367.0,224.0,10280,366.0,10647.0,-142.0,0.982318271119853,10051.857142857143,9669.214285714286,-15175.0
2023-08-31,113.0,280.0,237.0,10140,505.0,10420.0,-268.0,-1.3618677042801508,10083.142857142857,9770.285714285714,-15443.0
2023-09-04,196.0,306.0,187.0,9988,293.0,10294.0,-106.0,-1.4990138067061176,10071.285714285714,9848.857142857143,-15549.0
2023-09-05,236.0,330.0,222.0,10142,243.0,10472.0,-21.0,1.541850220264318,10087.857142857143,9936.57142857143,-15570.0
2023-09-06,81.0,230.0,242.0,10356,291.0,10586.0,-49.0,2.1100374679550393,10156.857142857143,9988.142857142857,-15619.0
2023-09-07,118.0,245.0,160.0,10419,398.0,10664.0,-238.0,0.6083429895712644,10215.0,10039.92857142857,-15857.0
2023-09-10,218.0,283.0,208.0,10282,382.0,10565.0,-174.0,-1.3149054611766964,10229.57142857143,10097.0,-16031.0
2023-09-11,132.0,243.0,183.0,10492,277.0,10735.0,-94.0,2.042404201517223,10259.857142857143,10155.857142857143,-16125.0
2023-09-12,224.0,315.0,152.0,10649,316.0,10964.0,-164.0,1.496378192908887,10332.57142857143,10207.857142857143,-16289.0
2023-09-13,167.0,326.0,213.0,10678,343.0,11004.0,-130.0,0.2723260400037564,10431.142857142857,10251.214285714286,-16419.0
2023-09-14,209.0,353.0,232.0,10837,414.0,11190.0,-182.0,1.489042891927328,10530.42857142857,10309.142857142857,-16601.0
2023-09-17,153.0,253.0,286.0,10799,427.0,11052.0,-141.0,-0.35065054904493964,10593.714285714286,10375.285714285714,-16742.0
2023-09-18,180.0,337.0,219.0,10892,313.0,11229.0,-94.0,0.8611908510047117,10661.285714285714,10438.142857142857,-16836.0
2023-09-19,133.0,287.0,189.0,11095,260.0,11382.0,-71.0,1.8637532133676027,10777.42857142857,10503.5,-16907.0
2023-09-20,187.0,310.0,247.0,11064,364.0,11374.0,-117.0,-0.27940513744930673,10859.142857142857,10559.5,-17024.0
2023-09-21,168.0,285.0,210.0,11067,428.0,11352.0,-218.0,0.027114967462038564,10918.857142857143,10625.714285714286,-17242.0
2023-09-24,269.0,412.0,204.0,10744,403.0,11156.0,-199.0,-2.9185867895545337,10928.285714285714,10679.714285714286,-17441.0
2023-09-25,100.0,255.0,236.0,10842,284.0,11097.0,-48.0,0.9121370067014078,10929.0,10729.714285714286,-17489.0
2023-09-26,205.0,294.0,177.0,10978,332.0,11272.0,-155.0,1.2543811104962277,10954.57142857143,10774.142857142857,-17644.0
2023-09-27,161.0,304.0,211.0,11017,331.0,11321.0,-120.0,0.3552559664784072,10972.42857142857,10816.857142857143,-17764.0
2023-09-28,57.0,162.0,193.0,10984,447.0,11146.0,-254.0,-0.2995370790596308,10956.57142857143,10867.0,-18018.0
2023-10-01,80.0,122.0,152.0,10598,493.0,10720.0,-341.0,-3.514202476329209,10890.0,10874.57142857143,-18359.0
2023-10-02,107.0,170.0,133.0,10724,284.0,10894.0,-151.0,1.1889035667107084,10841.0,10879.92857142857,-18510.0
2023-10-03,99.0,156.0,139.0,10818,287.0,10974.0,-148.0,0.876538604998145,10851.57142857143,10889.92857142857,-18658.0
2023-10-04,25.0,66.0,94.0,10963,330.0,11029.0,-236.0,1.3403586614901153,10868.857142857143,10898.92857142857,-18894.0
2023-10-05,35.0,70.0,53.0,11130,427.0,11200.0,-374.0,1.5233056645078902,10890.57142857143,10922.57142857143,-19268.0
2023-10-09,43.0,73.0,64.0,10815,282.0,10888.0,-218.0,-2.8301886792452824,10861.714285714286,10917.07142857143,-19486.0
2023-10-10,41.0,60.0,71.0,10910,257.0,10970.0,-186.0,0.878409616273701,10851.142857142857,10903.857142857143,-19672.0
2023-10-11,65.0,83.0,65.0,10960,266.0,11043.0,-201.0,0.45829514207149646,10902.857142857143,10896.42857142857,-19873.0
2023-10-12,38.0,80.0,82.0,10992,398.0,11072.0,-316.0,0.29197080291971655,10941.142857142857,10891.07142857143,-20189.0
2023-10-15,56.0,82.0,68.0,10571,434.0,10653.0,-366.0,-3.8300582241630243,10905.857142857143,10878.714285714286,-20555.0
2023-10-16,74.0,103.0,80.0,10629,331.0,10732.0,-251.0,0.5486708920631855,10858.142857142857,10863.5,-20806.0
2023-10-17,68.0,107.0,102.0,10630,315.0,10737.0,-213.0,0.009408222786722042,10786.714285714286,10838.642857142857,-21019.0
2023-10-18,92.0,124.0,93.0,10511,393.0,10635.0,-300.0,-1.1194731890874832,10743.285714285714,10802.5,-21319.0
2023-10-19,113.0,162.0,107.0,10319,406.0,10481.0,-299.0,-1.8266577870801992,10658.857142857143,10755.0,-21618.0
2023-10-22,106.0,196.0,131.0,9506,454.0,9702.0,-323.0,-7.878670413799782,10451.142857142857,10677.0,-21941.0
2023-10-23,86.0,152.0,168.0,9436,327.0,9588.0,-159.0,-0.7363770250368162,10228.857142857143,10585.0,-22100.0
2023-10-24,84.0,118.0,136.0,9396,300.0,9514.0,-164.0,-0.4239084357778755,10061.0,10483.42857142857,-22264.0
2023-10-25,59.0,64.0,117.0,9351,293.0,9415.0,-176.0,-0.47892720306513814,9878.42857142857,10368.285714285714,-22440.0
2023-10-26,62.0,97.0,52.0,9235,390.0,9332.0,-338.0,-1.240509036466686,9679.142857142857,10232.92857142857,-22778.0
2023-10-29,91.0,75.0,97.0,8925,418.0,9000.0,-321.0,-3.356794802382246,9452.57142857143,10097.92857142857,-23099.0
2023-10-30,29.0,51.0,11.0,9026,278.0,9077.0,-267.0,1.1316526610644306,9267.857142857143,9963.357142857143,-23366.0
2023-10-31,33.0,53.0,34.0,9072,295.0,9125.0,-261.0,0.5096388211832448,9205.857142857143,9828.5,-23627.0
2023-11-01,132.0,235.0,197.0,9250,279.0,9485.0,-82.0,1.9620811287478057,9179.285714285714,9704.07142857143,-23709.0
2023-11-02,174.0,208.0,256.0,9442,330.0,9650.0,-74.0,2.075675675675681,9185.857142857143,9623.42857142857,-23783.0
2023-11-05,123.0,230.0,167.0,9273,370.0,9503.0,-203.0,-1.7898750264774388,9174.714285714286,9526.57142857143,-23986.0
2023-11-06,123.0,233.0,159.0,9286,316.0,9519.0,-157.0,0.14019195513856886,9182.0,9430.57142857143,-24143.0
2023-11-07,141.0,232.0,188.0,9483,231.0,9715.0,-43.0,2.121473185440448,9261.714285714286,9357.142857142857,-24186.0
2023-11-08,158.0,226.0,191.0,9634,310.0,9860.0,-119.0,1.5923231045027908,9348.57142857143,9308.214285714286,-24305.0
2023-11-12,96.0,160.0,233.0,9477,313.0,9637.0,-80.0,-1.629645007265934,9406.42857142857,9306.142857142857,-24385.0
2023-11-13,141.0,173.0,129.0,9510,287.0,9683.0,-158.0,0.34821145932257824,9443.57142857143,9311.42857142857,-24543.0
2023-11-14,116.0,181.0,182.0,9665,247.0,9846.0,-65.0,1.6298633017875819,9475.42857142857,9330.642857142857,-24608.0
2023-11-15,150.0,157.0,201.0,9762,316.0,9919.0,-115.0,1.0036213140196537,9545.285714285714,9360.0,-24723.0
2023-11-16,80.0,176.0,125.0,9762,374.0,9938.0,-249.0,0.0,9613.285714285714,9397.642857142857,-24972.0
2023-11-19,116.0,188.0,164.0,9573,435.0,9761.0,-271.0,-1.9360786724031964,9626.142857142857,9443.92857142857,-25243.0
2023-11-20,105.0,185.0,158.0,9638,298.0,9823.0,-140.0,0.6789930011490641,9626.714285714286,9487.642857142857,-25383.0
2023-11-21,136.0,246.0,123.0,9804,250.0,10050.0,-127.0,1.7223490350695148,9673.42857142857,9539.92857142857,-25510.0
2023-11-23,128.0,228.0,177.0,9838,283.0,10066.0,-106.0,0.3467972256221863,9720.285714285714,9581.92857142857,-25616.0
2023-11-26,90.0,196.0,205.0,9845,312.0,10041.0,-107.0,0.07115267330757291,9746.0,9610.714285714286,-25723.0
2023-11-27,56.0,82.0,68.0,10123,214.0,10205.0,-146.0,2.823768410360583,9797.57142857143,9671.42857142857,-25869.0
2023-11-28,74.0,103.0,80.0,10223,223.0,10326.0,-143.0,0.9878494517435499,9863.42857142857,9738.357142857143,-26012.0
2023-11-29,68.0,107.0,102.0,10398,284.0,10505.0,-182.0,1.7118262740878354,9981.285714285714,9803.714285714286,-26194.0
2023-11-30,92.0,124.0,93.0,10536,320.0,10660.0,-227.0,1.3271783035199158,10109.57142857143,9868.142857142857,-26421.0
2023-12-03,132.0,235.0,197.0,10579,417.0,10814.0,-220.0,0.40812452543659283,10220.285714285714,9946.857142857143,-26641.0
2023-12-04,174.0,208.0,256.0,10635,273.0,10843.0,-17.0,0.5293506002457704,10334.142857142857,10027.214285714286,-26658.0
2023-12-05,123.0,230.0,167.0,10761,261.0,10991.0,-94.0,1.1847672778561247,10465.0,10105.5,-26752.0
2023-12-06,123.0,233.0,159.0,10832,376.0,11065.0,-217.0,0.6597899823436393,10566.285714285714,10181.92857142857,-26969.0
2023-12-07,141.0,232.0,188.0,10897,466.0,11129.0,-278.0,0.6000738552437213,10662.57142857143,10263.0,-27247.0
2023-12-10,158.0,226.0,191.0,10871,411.0,11097.0,-220.0,-0.23859777920528513,10730.142857142857,10355.714285714286,-27467.0
2023-12-11,96.0,160.0,233.0,10998,304.0,11158.0,-71.0,1.1682457915555222,10796.142857142857,10452.857142857143,-27538.0
2023-12-12,141.0,173.0,129.0,11077,259.0,11250.0,-130.0,0.7183124204400704,10867.285714285714,10543.785714285714,-27668.0
2023-12-13,116.0,181.0,182.0,11192,335.0,11373.0,-153.0,1.0381872348108612,10946.857142857143,10640.5,-27821.0
2023-12-14,150.0,157.0,201.0,11242,396.0,11399.0,-195.0,0.44674767691208483,11015.57142857143,10740.285714285714,-28016.0
2023-12-17,80.0,176.0,125.0,11092,456.0,11268.0,-331.0,-1.3342821561999618,11052.714285714286,10809.5,-28347.0
2023-12-18,116.0,188.0,164.0,11149,364.0,11337.0,-200.0,0.5138838802740686,11088.714285714286,10875.642857142857,-28547.0
2023-12-19,105.0,185.0,158.0,11291,272.0,11476.0,-114.0,1.2736568302089912,11148.714285714286,10939.42857142857,-28661.0
2023-12-20,136.0,246.0,123.0,11516,390.0,11762.0,-267.0,1.9927375786024326,11222.714285714286,11009.42857142857,-28928.0
2023-12-21,128.0,228.0,177.0,11375,497.0,11603.0,-320.0,-1.2243834664814157,11265.285714285714,11066.285714285714,-29248.0
2023-12-25,90.0,196.0,205.0,11144,347.0,11340.0,-142.0,-2.030769230769236,11258.42857142857,11102.642857142857,-29390.0
2023-12-26,56.0,82.0,68.0,11217,288.0,11299.0,-220.0,0.655061019382619,11254.857142857143,11135.214285714286,-29610.0
2023-12-27,74.0,103.0,80.0,11206,335.0,11309.0,-255.0,-0.09806543639119258,11271.142857142857,11161.92857142857,-29865.0
2023-12-28,68.0,107.0,102.0,11230,357.0,11337.0,-255.0,0.21417097983222888,11282.714285714286,11185.714285714286,-30120.0
2024-01-01,92.0,124.0,93.0,10870,290.0,10994.0,-197.0,-3.2056990204808566,11222.57142857143,11185.642857142857,-30317.0
2024-01-02,113.0,162.0,107.0,10770,316.0,10932.0,-209.0,-0.9199632014719406,11116.0,11169.357142857143,-30526.0
2024-01-03,106.0,196.0,131.0,10718,263.0,10914.0,-132.0,-0.48282265552460624,11022.142857142857,11143.714285714286,-30658.0
2024-01-04,86.0,152.0,168.0,10558,362.0,10710.0,-194.0,-1.4928158238477374,10938.42857142857,11098.42857142857,-30852.0
2024-01-07,84.0,118.0,136.0,9670,367.0,9788.0,-231.0,-8.41068384163668,10717.42857142857,10986.142857142857,-31083.0
2024-01-08,59.0,64.0,117.0,9670,367.0,9734.0,-250.0,0.0,10498.0,10884.57142857143,-31333.0
2024-01-09,62.0,97.0,52.0,9311,286.0,9408.0,-234.0,-3.7125129265770385,10223.857142857143,10753.285714285714,-31567.0
2024-01-10,91.0,75.0,97.0,9144,349.0,9219.0,-252.0,-1.7935774889915157,9977.285714285714,10599.92857142857,-31819.0
2024-01-11,29.0,51.0,11.0,8829,476.0,8880.0,-465.0,-3.4448818897637845,9700.0,10408.0,-32284.0
2024-01-15,33.0,53.0,34.0,8033,234.0,8086.0,-200.0,-9.015743572318492,9316.42857142857,10169.285714285714,-32484.0
2024-01-16,32.0,49.0,39.0,8133,188.0,8182.0,-149.0,1.2448649321548544,8970.0,9954.214285714286,-32633.0
2024-01-17,80.0,176.0,125.0,8072,353.0,8248.0,-228.0,-0.7500307389647132,8741.714285714286,9729.57142857143,-32861.0
2024-01-18,116.0,188.0,164.0,8042,359.0,8230.0,-195.0,-0.3716551040634286,8509.142857142857,9503.57142857143,-33056.0
2024-01-21,105.0,185.0,158.0,7974,371.0,8159.0,-213.0,-0.8455608057697073,8318.142857142857,9271.0,-33269.0
2024-01-22,136.0,246.0,123.0,8008,222.0,8254.0,-99.0,0.4263857536995319,8155.857142857143,9066.57142857143,-33368.0
2024-01-23,128.0,228.0,177.0,8133,202.0,8361.0,-25.0,1.5609390609390594,8056.428571428572,8878.214285714286,-33393.0
2024-01-24,90.0,196.0,205.0,8212,243.0,8408.0,-38.0,0.9713512848887218,8082.0,8699.214285714286,-33431.0
2024-01-25,102.0,189.0,155.0,8180,293.0,8369.0,-138.0,-0.3896736483195329,8088.714285714285,8529.357142857143,-33569.0
2024-01-28,120.0,257.0,126.0,8004,307.0,8261.0,-181.0,-2.1515892420537863,8079.0,8410.357142857143,-33750.0
2024-01-29,137.0,272.0,166.0,8057,195.0,8329.0,-29.0,0.6621689155422272,8081.142857142857,8295.142857142857,-33779.0
2024-01-30,93.0,198.0,208.0,8182,187.0,8380.0,21.0,1.5514459476231757,8110.857142857143,8214.5,-33758.0
2024-01-31,203.0,477.0,258.0,8153,266.0,8630.0,-8.0,-0.3544365680762662,8131.571428571428,8143.714285714285,-33766.0
2024-02-01,222.0,459.0,289.0,8026,337.0,8485.0,-48.0,-1.557708818839687,8116.285714285715,8086.357142857143,-33814.0
2024-02-04,253.0,531.0,248.0,7813,342.0,8344.0,-94.0,-2.6538749065536993,8059.285714285715,8070.642857142857,-33908.0
2024-02-05,157.0,466.0,345.0,7872,242.0,8338.0,103.0,0.7551516702930972,8015.285714285715,8052.0,-33805.0
2024-02-06,291.0,455.0,323.0,8045,178.0,8500.0,145.0,2.197662601626016,8021.142857142857,8050.071428571428,-33660.0
2024-02-07,227.0,453.0,330.0,8160,222.0,8613.0,108.0,1.429459291485391,8035.857142857143,8058.5,-33552.0
2024-02-08,298.0,499.0,358.0,8188,315.0,8687.0,43.0,0.34313725490195957,8036.714285714285,8073.785714285715,-33509.0
2024-02-11,205.0,515.0,226.0,8056,347.0,8571.0,-121.0,-1.6121152906692693,8022.857142857143,8077.214285714285,-33630.0
2024-02-12,213.0,430.0,440.0,8092,234.0,8522.0,206.0,0.4468718967229446,8032.285714285715,8074.285714285715,-33424.0
2024-02-13,227.0,369.0,349.0,8348,160.0,8717.0,189.0,3.1636183885318747,8108.714285714285,8084.0,-33235.0
2024-02-14,185.0,322.0,272.0,8512,230.0,8834.0,42.0,1.964542405366565,8200.142857142857,8107.714285714285,-33193.0
2024-02-15,333.0,508.0,272.0,8463,312.0,8971.0,-40.0,-0.5756578947368474,8259.857142857143,8140.5,-33233.0
2024-02-19,249.0,420.0,371.0,8380,218.0,8800.0,153.0,-0.9807396904171095,8291.285714285714,8163.571428571428,-33080.0
2024-02-20,149.0,395.0,273.0,8488,192.0,8883.0,81.0,1.288782816229106,8334.142857142857,8185.428571428572,-32999.0
2024-02-21,232.0,430.0,318.0,8573,231.0,9003.0,87.0,1.0014137606032092,8408.0,8215.42857142857,-32912.0
2024-02-22,165.0,400.0,292.0,8607,293.0,9007.0,-1.0,0.39659395777440487,8481.57142857143,8256.92857142857,-32913.0
2024-02-25,244.0,482.0,366.0,8404,329.0,8886.0,37.0,-2.3585453700476378,8489.57142857143,8299.142857142857,-32876.0
2024-02-26,199.0,438.0,326.0,8404,329.0,8842.0,-3.0,0.0,8474.142857142857,8337.142857142857,-32879.0
2024-02-27,197.0,369.0,306.0,8650,206.0,9019.0,100.0,2.9271775345073747,8500.857142857143,8380.357142857143,-32779.0
2024-02-28,209.0,447.0,274.0,8699,257.0,9146.0,17.0,0.5664739884392977,8546.42857142857,8418.857142857143,-32762.0
2024-02-29,262.0,444.0,354.0,8724,299.0,9168.0,55.0,0.28738935509828867,8580.142857142857,8457.142857142857,-32707.0
2024-03-03,236.0,468.0,347.0,8594,354.0,9062.0,-7.0,-1.4901421366345757,8583.142857142857,8495.57142857143,-32714.0
2024-03-04,225.0,509.0,340.0,8660,229.0,9169.0,111.0,0.7679776588317422,8590.714285714286,8536.142857142857,-32603.0
2024-03-05,246.0,472.0,345.0,8800,214.0,9272.0,131.0,1.616628175519641,8647.285714285714,8568.42857142857,-32472.0
2024-03-06,230.0,457.0,277.0,8870,232.0,9327.0,45.0,0.7954545454545547,8713.857142857143,8594.0,-32427.0
2024-03-07,181.0,424.0,328.0,8902,305.0,9326.0,23.0,0.3607666290868172,8749.857142857143,8625.357142857143,-32404.0
2024-03-10,190.0,368.0,326.0,8714,373.0,9082.0,-47.0,-2.1118849696697417,8752.0,8649.214285714286,-32451.0
2024-03-11,178.0,336.0,290.0,8757,253.0,9093.0,37.0,0.49345880192792624,8756.714285714286,8668.42857142857,-32414.0
2024-03-12,154.0,294.0,290.0,8843,213.0,9137.0,77.0,0.9820714856686008,8792.285714285714,8687.714285714286,-32337.0
2024-03-13,165.0,358.0,167.0,8819,239.0,9177.0,-72.0,-0.271401108221192,8815.0,8702.857142857143,-32409.0
2024-03-14,166.0,301.0,252.0,8695,310.0,8996.0,-58.0,-1.4060551082889172,8800.0,8723.642857142857,-32467.0
2024-03-17,127.0,260.0,259.0,8373,342.0,8633.0,-83.0,-3.703277745830935,8729.0,8721.42857142857,-32550.0
2024-03-18,123.0,243.0,188.0,8333,283.0,8576.0,-95.0,-0.47772602412516907,8647.714285714286,8698.785714285714,-32645.0
2024-03-19,99.0,202.0,256.0,8390,197.0,8592.0,59.0,0.6840273610944525,8601.42857142857,8676.714285714286,-32586.0
2024-03-20,91.0,181.0,174.0,8365,227.0,8546.0,-53.0,-0.29797377830751426,8545.42857142857,8651.07142857143,-32639.0
2024-03-21,132.0,261.0,141.0,8292,235.0,8553.0,-94.0,-0.8726838015540972,8466.714285714286,8629.5,-32733.0
2024-03-24,124.0,264.0,221.0,7899,373.0,8163.0,-152.0,-4.739507959479017,8335.285714285714,8575.142857142857,-32885.0
2024-03-25,128.0,242.0,224.0,7899,229.0,8141.0,-5.0,0.0,8221.57142857143,8510.785714285714,-32890.0
2024-03-26,187.0,276.0,200.0,7919,208.0,8195.0,-8.0,0.25319660716547343,8156.714285714285,8442.857142857143,-32898.0
2024-03-27,129.0,287.0,185.0,7893,215.0,8180.0,-30.0,-0.328324283369108,8093.857142857143,8370.785714285714,-32928.0
2024-03-28,161.0,288.0,248.0,7762,360.0,8050.0,-112.0,-1.6596984669960735,8004.142857142857,8302.785714285714,-33040.0
2024-03-31,105.0,254.0,151.0,7257,287.0,7511.0,-136.0,-6.5060551404277245,7845.857142857143,8195.642857142857,-33176.0
2024-04-01,109.0,235.0,171.0,7271,172.0,7506.0,-1.0,0.19291718340912478,7700.0,8083.357142857143,-33177.0
2024-04-02,101.0,230.0,175.0,7340,132.0,7570.0,43.0,0.9489753816531499,7620.142857142857,7977.714285714285,-33134.0
2024-04-03,124.0,230.0,190.0,7346,163.0,7576.0,27.0,0.08174386920980492,7541.142857142857,7881.357142857143,-33107.0
2024-04-04,95.0,226.0,152.0,7317,225.0,7543.0,-73.0,-0.394772665396137,7455.142857142857,7805.928571428572,-33180.0
2024-04-07,106.0,239.0,233.0,6982,279.0,7221.0,-46.0,-4.578379117124509,7325.0,7709.428571428572,-33226.0
2024-04-08,102.0,230.0,167.0,6988,199.0,7218.0,-32.0,0.08593526210254332,7214.428571428572,7609.285714285715,-33258.0
2024-04-09,118.0,231.0,217.0,7043,130.0,7274.0,87.0,0.7870635374928492,7183.857142857143,7514.857142857143,-33171.0
2024-04-10,117.0,244.0,142.0,6999,227.0,7243.0,-85.0,-0.6247337782195106,7145.0,7422.5,-33256.0
2024-04-11,183.0,221.0,220.0,6912,285.0,7133.0,-65.0,-1.243034719245606,7083.857142857143,7352.0,-33321.0
2024-04-14,128.0,245.0,243.0,6630,290.0,6875.0,-47.0,-4.079861111111116,6981.571428571428,7261.357142857143,-33368.0
2024-04-15,144.0,303.0,176.0,6681,191.0,6984.0,-15.0,0.7692307692307665,6890.714285714285,7172.928571428572,-33383.0
2024-04-16,219.0,392.0,205.0,6685,163.0,7077.0,42.0,0.05987127675497472,6848.285714285715,7086.642857142857,-33341.0
2024-04-17,182.0,371.0,274.0,6725,227.0,7096.0,47.0,0.5983545250560995,6810.714285714285,7012.571428571428,-33294.0
2024-04-18,144.0,322.0,258.0,6728,260.0,7050.0,-2.0,0.04460966542751965,6765.714285714285,6974.785714285715,-33296.0
2024-04-21,208.0,380.0,343.0,6745,240.0,7125.0,103.0,0.25267538644471177,6729.428571428572,6937.214285714285,-33193.0
2024-04-22,176.0,424.0,251.0,6799,214.0,7223.0,37.0,0.8005930318754739,6713.285714285715,6898.571428571428,-33156.0
2024-04-23,252.0,427.0,307.0,6967,134.0,7394.0,173.0,2.4709516105309692,6761.428571428572,6871.5,-32983.0
2024-04-24,253.0,411.0,307.0,7128,154.0,7539.0,153.0,2.3108942155877665,6825.285714285715,6858.0,-32830.0
2024-04-25,145.0,357.0,333.0,7209,217.0,7566.0,116.0,1.1363636363636465,6900.142857142857,6874.214285714285,-32714.0
2024-04-28,158.0,349.0,365.0,7298,250.0,7647.0,115.0,1.2345679012345734,6982.0,6896.357142857143,-32599.0
2024-04-29,140.0,292.0,255.0,7373,187.0,7665.0,68.0,1.0276788161140082,7074.142857142857,6919.928571428572,-32531.0
2024-04-30,220.0,443.0,194.0,7431,135.0,7874.0,59.0,0.7866540078665496,7172.142857142857,6950.785714285715,-32472.0
2024-05-01,197.0,437.0,295.0,7508,190.0,7945.0,105.0,1.0361997039429527,7273.428571428572,6993.357142857143,-32367.0
2024-05-02,206.0,411.0,293.0,7577,194.0,7988.0,99.0,0.9190197123068788,7360.571428571428,7061.0,-32268.0
2024-05-05,150.0,315.0,228.0,7447,332.0,7762.0,-104.0,-1.7157186221459675,7406.142857142857,7115.714285714285,-32372.0
2024-05-06,173.0,337.0,211.0,7449,205.0,7786.0,6.0,0.02685645226265798,7440.428571428572,7170.285714285715,-32366.0
2024-05-07,176.0,334.0,246.0,7566,163.0,7900.0,83.0,1.5706806282722585,7478.714285714285,7230.357142857143,-32283.0
2024-05-08,167.0,374.0,205.0,7583,202.0,7957.0,3.0,0.2246893999471311,7508.714285714285,7291.428571428572,-32280.0
2024-05-09,138.0,285.0,268.0,7570,244.0,7855.0,24.0,-0.17143610708163504,7528.571428571428,7350.357142857143,-32256.0
2024-05-12,138.0,301.0,263.0,7464,245.0,7765.0,18.0,-1.4002642007926003,7522.285714285715,7397.857142857143,-32238.0
2024-05-13,112.0,331.0,167.0,7499,157.0,7830.0,10.0,0.4689174705251986,7511.142857142857,7435.857142857143,-32228.0
2024-05-14,246.0,419.0,218.0,7546,186.0,7965.0,32.0,0.6267502333644481,7525.285714285715,7465.714285714285,-32196.0
2024-05-15,115.0,285.0,341.0,7589,265.0,7874.0,76.0,0.5698383249403749,7545.285714285715,7492.857142857143,-32120.0
2024-05-16,206.0,340.0,214.0,7565,234.0,7905.0,-20.0,-0.3162471998945815,7545.142857142857,7511.928571428572,-32140.0
2024-05-19,143.0,295.0,278.0,7356,298.0,7651.0,-20.0,-2.762723066754791,7512.714285714285,7510.714285714285,-32160.0
2024-05-20,111.0,268.0,217.0,7368,192.0,7636.0,25.0,0.16313213703098572,7483.857142857143,7506.214285714285,-32135.0
2024-05-21,196.0,348.0,176.0,7404,145.0,7752.0,31.0,0.48859934853420217,7475.285714285715,7498.785714285715,-32104.0
2024-05-22,168.0,349.0,272.0,7474,208.0,7823.0,64.0,0.9454349000540319,7471.714285714285,7491.428571428572,-32040.0
2024-05-23,193.0,272.0,314.0,7494,227.0,7766.0,87.0,0.26759432700027563,7464.285714285715,7494.785714285715,-31953.0
2024-05-27,156.0,344.0,252.0,7365,167.0,7709.0,85.0,-1.7213771016813428,7432.285714285715,7488.785714285715,-31868.0
2024-05-28,153.0,348.0,239.0,7418,151.0,7766.0,88.0,0.7196198234894702,7411.285714285715,7478.214285714285,-31780.0
2024-05-29,182.0,462.0,158.0,7491,141.0,7953.0,17.0,0.9840927473712568,7430.571428571428,7471.642857142857,-31763.0
2024-05-30,167.0,406.0,339.0,7563,190.0,7969.0,149.0,0.9611533840608644,7458.428571428572,7471.142857142857,-31614.0
2024-06-02,159.0,330.0,322.0,7546,306.0,7876.0,16.0,-0.2247785270395375,7478.714285714285,7477.0,-31598.0
2024-06-03,109.0,244.0,257.0,7596,224.0,7840.0,33.0,0.662602703419024,7496.142857142857,7483.928571428572,-31565.0
2024-06-04,260.0,356.0,176.0,7565,203.0,7921.0,-27.0,-0.4081095313322791,7506.285714285715,7485.285714285715,-31592.0
2024-06-05,173.0,345.0,291.0,7691,198.0,8036.0,93.0,1.6655651024454654,7552.857142857143,7492.571428571428,-31499.0
2024-06-06,179.0,326.0,282.0,7741,238.0,8067.0,44.0,0.650110518788205,7599.0,7505.142857142857,-31455.0
2024-06-09,116.0,289.0,166.0,7451,312.0,7740.0,-146.0,-3.746286009559485,7593.285714285715,7511.928571428572,-31601.0
2024-06-10,184.0,334.0,229.0,7439,212.0,7773.0,17.0,-0.16105220775735063,7575.571428571428,7517.0,-31584.0
2024-06-11,186.0,352.0,224.0,7493,156.0,7845.0,68.0,0.7259040193574373,7568.0,7523.357142857143,-31516.0
2024-06-12,152.0,266.0,274.0,7548,212.0,7814.0,62.0,0.734018417189386,7561.142857142857,7528.642857142857,-31454.0
2024-06-13,167.0,293.0,230.0,7544,259.0,7837.0,-29.0,-0.05299417064122958,7558.142857142857,7532.214285714285,-31483.0
2024-06-16,204.0,315.0,233.0,7307,294.0,7622.0,-61.0,-3.141569459172855,7503.285714285715,7528.071428571428,-31544.0
2024-06-17,159.0,310.0,272.0,7318,224.0,7628.0,48.0,0.15054057752839078,7442.857142857143,7520.928571428572,-31496.0
2024-06-18,160.0,297.0,253.0,7340,214.0,7637.0,39.0,0.3006285870456482,7427.0,7510.142857142857,-31457.0
2024-06-19,204.0,321.0,246.0,7433,198.0,7754.0,48.0,1.267029972752054,7426.142857142857,7500.857142857143,-31409.0
2024-06-20,145.0,247.0,243.0,7431,235.0,7678.0,8.0,-0.026907036189960376,7417.285714285715,7492.642857142857,-31401.0
2024-06-23,102.0,227.0,201.0,7247,294.0,7474.0,-93.0,-2.4761135782532584,7374.285714285715,7467.714285714285,-31494.0
2024-06-24,116.0,175.0,172.0,7239,202.0,7414.0,-30.0,-0.11039050641644677,7330.714285714285,7444.428571428572,-31524.0
2024-06-25,172.0,263.0,191.0,7239,202.0,7502.0,-11.0,0.0,7321.0,7412.142857142857,-31535.0
2024-06-26,132.0,235.0,197.0,7268,187.0,7503.0,10.0,0.4006078187595019,7313.857142857143,7378.357142857143,-31525.0
2024-06-27,174.0,208.0,256.0,7248,268.0,7456.0,-12.0,-0.27517886626307053,7300.714285714285,7363.857142857143,-31537.0
2024-06-30,123.0,230.0,167.0,6874,273.0,7104.0,-106.0,-5.160044150110377,7220.857142857143,7323.5,-31643.0
2024-07-01,123.0,233.0,159.0,6825,229.0,7058.0,-70.0,-0.7128309572301372,7134.285714285715,7275.785714285715,-31713.0
2024-07-02,141.0,232.0,188.0,6823,184.0,7055.0,4.0,-0.02930402930403364,7073.714285714285,7224.0,-31709.0
2024-07-04,158.0,226.0,191.0,6790,225.0,7016.0,-34.0,-0.4836582148614932,7009.571428571428,7170.142857142857,-31743.0
2024-07-07,96.0,160.0,233.0,6599,213.0,6759.0,20.0,-2.812960235640649,6918.142857142857,7119.571428571428,-31723.0
2024-07-08,141.0,173.0,129.0,6617,123.0,6790.0,6.0,0.27276860130323044,6825.142857142857,7069.5,-31717.0
2024-07-09,116.0,181.0,182.0,6651,130.0,6832.0,52.0,0.5138280187396038,6739.857142857143,7020.285714285715,-31665.0
2024-07-10,150.0,157.0,201.0,6649,177.0,6806.0,24.0,-0.03007066606525166,6707.714285714285,6964.285714285715,-31641.0
2024-07-11,80.0,176.0,125.0,6640,197.0,6816.0,-72.0,-0.13535870055647603,6681.285714285715,6907.785714285715,-31713.0
2024-07-14,116.0,188.0,164.0,6308,237.0,6496.0,-73.0,-5.000000000000004,6607.714285714285,6840.714285714285,-31786.0
2024-07-15,105.0,185.0,158.0,6283,171.0,6468.0,-13.0,-0.39632213062777977,6535.285714285715,6772.428571428572,-31799.0
2024-07-16,136.0,246.0,123.0,6239,173.0,6485.0,-50.0,-0.7003024033105154,6483.857142857143,6701.0,-31849.0
2024-07-17,128.0,228.0,177.0,6228,187.0,6456.0,-10.0,-0.17631030613880494,6428.285714285715,6626.714285714285,-31859.0
2024-07-21,90.0,196.0,205.0,6058,262.0,6254.0,-57.0,-2.729608220937696,6343.571428571428,6541.714285714285,-31916.0
2024-07-22,102.0,189.0,155.0,6002,234.0,6191.0,-79.0,-0.9243974909210917,6251.142857142857,6479.428571428572,-31995.0
2024-07-23,120.0,257.0,126.0,5965,170.0,6222.0,-44.0,-0.6164611796067976,6154.714285714285,6418.0,-32039.0
2024-07-24,137.0,272.0,166.0,5927,177.0,6199.0,-11.0,-0.6370494551550698,6100.285714285715,6354.0,-32050.0
2024-07-25,93.0,198.0,208.0,5954,194.0,6152.0,14.0,0.45554243293401964,6053.285714285715,6294.285714285715,-32036.0
2024-07-28,152.0,290.0,199.0,5743,207.0,6033.0,-8.0,-3.54383607658717,5982.428571428572,6233.142857142857,-32044.0
2024-07-29,114.0,210.0,219.0,5819,163.0,6029.0,56.0,1.3233501654187796,5924.0,6176.142857142857,-31988.0
2024-07-30,125.0,203.0,208.0,5930,92.0,6133.0,116.0,1.9075442515896102,5905.714285714285,6124.642857142857,-31872.0
2024-07-31,140.0,261.0,163.0,5963,154.0,6224.0,9.0,0.5564924114671133,5900.142857142857,6075.642857142857,-31863.0
2024-08-01,227.0,298.0,212.0,6016,169.0,6314.0,43.0,0.8888143551903482,5907.428571428572,6031.071428571428,-31820.0
2024-08-04,63.0,167.0,143.0,5943,170.0,6110.0,-27.0,-1.2134308510638347,5909.714285714285,6005.0,-31847.0
2024-08-05,172.0,259.0,138.0,5950,150.0,6209.0,-12.0,0.11778563015312216,5909.142857142857,5981.214285714285,-31859.0
2024-08-06,163.0,283.0,200.0,5998,143.0,6281.0,57.0,0.806722689075623,5945.571428571428,5964.0,-31802.0
2024-08-07,135.0,273.0,207.0,6038,174.0,6311.0,33.0,0.6668889629876551,5976.857142857143,5950.428571428572,-31769.0
2024-08-08,119.0,230.0,213.0,6084,174.0,6314.0,39.0,0.7618416694269659,5998.857142857143,5952.285714285715,-31730.0
2024-08-11,95.0,211.0,140.0,5894,249.0,6105.0,-109.0,-3.1229454306377358,5989.0,5944.571428571428,-31839.0
2024-08-12,109.0,219.0,155.0,5903,148.0,6122.0,7.0,0.152697658635903,5972.857142857143,5940.142857142857,-31832.0
2024-08-13,162.0,239.0,189.0,5981,123.0,6220.0,66.0,1.321362019312211,5978.285714285715,5944.0,-31766.0
2024-08-14,109.0,226.0,191.0,5987,178.0,6213.0,13.0,0.10031767262999036,5983.571428571428,5946.357142857143,-31753.0
2024-08-15,124.0,241.0,156.0,5895,220.0,6136.0,-64.0,-1.5366627693335522,5968.857142857143,5957.214285714285,-31817.0
2024-08-18,86.0,244.0,235.0,5821,178.0,6065.0,57.0,-1.255301102629347,5937.857142857143,5957.357142857143,-31760.0
2024-08-19,176.0,254.0,162.0,5865,158.0,6119.0,4.0,0.7558838687510727,5906.571428571428,5952.714285714285,-31756.0
2024-08-20,136.0,274.0,245.0,5995,112.0,6269.0,133.0,2.2165387894288235,5921.0,5955.0,-31623.0
2024-08-21,134.0,245.0,167.0,6028,156.0,6273.0,11.0,0.5504587155963359,5938.857142857143,5955.857142857143,-31612.0
2024-08-22,182.0,307.0,205.0,6054,171.0,6361.0,34.0,0.431320504313204,5949.285714285715,5963.785714285715,-31578.0
2024-08-27,149.0,285.0,222.0,6152,97.0,6437.0,125.0,1.6187644532540402,5972.857142857143,5978.214285714285,-31453.0
2024-08-28,170.0,285.0,178.0,6227,134.0,6512.0,44.0,1.2191157347204218,6020.285714285715,5994.571428571428,-31409.0
2024-08-29,145.0,295.0,188.0,6250,169.0,6545.0,19.0,0.3693592420106029,6081.571428571428,6009.714285714285,-31390.0
2024-09-02,133.0,270.0,198.0,6192,129.0,6462.0,69.0,-0.9279999999999955,6128.285714285715,6017.428571428572,-31321.0
2024-09-03,131.0,263.0,177.0,6272,112.0,6535.0,65.0,1.2919896640826822,6167.857142857143,6044.428571428572,-31256.0
2024-09-04,121.0,231.0,219.0,6375,114.0,6606.0,105.0,1.6422193877551061,6217.428571428572,6078.142857142857,-31151.0
2024-09-05,126.0,230.0,175.0,6448,121.0,6678.0,54.0,1.1450980392156973,6273.714285714285,6111.5,-31097.0
2024-09-08,123.0,255.0,164.0,6312,221.0,6567.0,-57.0,-2.109181141439209,6296.571428571428,6134.714285714285,-31154.0
2024-09-09,144.0,275.0,190.0,6353,141.0,6628.0,49.0,0.6495564005069676,6314.571428571428,6167.428571428572,-31105.0
2024-09-10,131.0,251.0,180.0,6396,148.0,6647.0,32.0,0.6768455847631083,6335.428571428572,6208.5,-31073.0
2024-09-11,93.0,248.0,175.0,6410,162.0,6658.0,13.0,0.21888680425266038,6366.571428571428,6247.428571428572,-31060.0
2024-09-12,184.0,280.0,210.0,6360,220.0,6640.0,-10.0,-0.7800312012480548,6379.142857142857,6273.5,-31070.0
2024-09-13,81.0,200.0,212.0,6326,279.0,6526.0,-67.0,-0.5345911949685589,6372.142857142857,6294.785714285715,-31137.0
2024-09-15,98.0,220.0,167.0,6234,210.0,6454.0,-43.0,-1.4543155232374372,6341.571428571428,6307.642857142857,-31180.0
2024-09-16,113.0,209.0,160.0,6229,164.0,6438.0,-4.0,-0.08020532563361993,6329.714285714285,6313.142857142857,-31184.0
2024-09-17,159.0,304.0,139.0,6227,160.0,6531.0,-21.0,-0.03210788248515506,6311.714285714285,6313.142857142857,-31205.0
2024-09-18,116.0,213.0,217.0,6245,149.0,6458.0,68.0,0.28906375461699163,6290.142857142857,6312.785714285715,-31137.0
2024-09-19,93.0,196.0,169.0,6270,188.0,6466.0,-19.0,0.4003202562049557,6270.142857142857,6318.357142857143,-31156.0
2024-09-22,124.0,234.0,161.0,5989,197.0,6223.0,-36.0,-4.481658692185009,6217.142857142857,6298.142857142857,-31192.0
2024-09-23,92.0,203.0,173.0,6002,165.0,6205.0,8.0,0.21706461846719982,6170.857142857143,6271.5,-31184.0
2024-09-24,186.0,259.0,172.0,6023,143.0,6282.0,29.0,0.3498833722092698,6140.714285714285,6241.142857142857,-31155.0
2024-09-25,154.0,225.0,220.0,6050,169.0,6275.0,51.0,0.4482815872488777,6115.142857142857,6222.428571428572,-31104.0
2024-09-26,91.0,199.0,172.0,6090,185.0,6289.0,-13.0,0.6611570247933907,6095.571428571428,6203.642857142857,-31117.0
2024-09-29,81.0,213.0,153.0,5925,177.0,6138.0,-24.0,-2.7093596059113323,6049.857142857143,6170.0,-31141.0
2024-09-30,209.0,285.0,184.0,5967,138.0,6252.0,46.0,0.7088607594936791,6006.571428571428,6138.357142857143,-31095.0
2024-10-01,184.0,314.0,217.0,6040,137.0,6354.0,80.0,1.2233953410424103,6013.857142857143,6115.5,-31015.0
2024-10-02,107.0,215.0,230.0,6091,173.0,6306.0,57.0,0.8443708609271461,6026.571428571428,6098.714285714285,-30958.0
2024-10-03,101.0,162.0,178.0,6118,193.0,6280.0,-15.0,0.44327696601542677,6040.142857142857,6090.428571428572,-30973.0
2024-10-07,99.0,190.0,176.0,5968,153.0,6158.0,23.0,-2.4517816279829963,6028.428571428572,6071.785714285715,-30950.0
2024-10-08,167.0,239.0,166.0,6013,123.0,6252.0,43.0,0.7540214477211871,6017.428571428572,6056.5,-30907.0
2024-10-09,115.0,216.0,169.0,6047,137.0,6263.0,32.0,0.5654415433228088,6034.857142857143,6042.357142857143,-30875.0
2024-10-10,84.0,158.0,193.0,6075,159.0,6233.0,34.0,0.4630395237307683,6050.285714285715,6028.428571428572,-30841.0
2024-10-13,130.0,227.0,192.0,5889,210.0,6116.0,-18.0,-3.0617283950617247,6028.714285714285,6021.285714285715,-30859.0
2024-10-14,88.0,214.0,160.0,5935,106.0,6149.0,54.0,0.7811173374087321,6006.428571428572,6016.5,-30805.0
2024-10-15,113.0,208.0,159.0,6013,107.0,6221.0,52.0,1.314237573715249,5991.428571428572,6015.785714285715,-30753.0
2024-10-16,174.0,285.0,150.0,6036,129.0,6321.0,21.0,0.38250457342425825,6001.142857142857,6014.785714285715,-30732.0
2024-10-17,104.0,230.0,206.0,6076,160.0,6306.0,46.0,0.662690523525522,6010.142857142857,6013.785714285715,-30686.0
2024-10-20,147.0,276.0,214.0,5918,195.0,6194.0,19.0,-2.600394996708366,5991.714285714285,6013.285714285715,-30667.0
2024-10-21,108.0,220.0,213.0,5966,154.0,6186.0,59.0,0.811084825954711,5976.142857142857,6013.214285714285,-30608.0
2024-10-22,180.0,280.0,146.0,6043,109.0,6323.0,37.0,1.2906469996647685,5998.142857142857,6013.428571428572,-30571.0
2024-10-23,134.0,294.0,186.0,6077,138.0,6371.0,48.0,0.5626344530862193,6018.428571428572,6012.428571428572,-30523.0
2024-10-27,202.0,313.0,158.0,5974,192.0,6287.0,-34.0,-1.6949152542372836,6012.857142857143,6002.142857142857,-30557.0
2024-10-28,110.0,272.0,193.0,6008,156.0,6280.0,37.0,0.5691329092735176,6008.857142857143,6005.0,-30520.0
2024-10-29,166.0,277.0,229.0,6106,126.0,6383.0,103.0,1.6311584553928116,6013.142857142857,6011.642857142857,-30417.0
2024-10-30,136.0,276.0,178.0,6149,160.0,6425.0,18.0,0.7042253521126751,6046.142857142857,6018.928571428572,-30399.0
2024-10-31,87.0,246.0,173.0,6148,177.0,6394.0,-4.0,-0.01626280696047644,6072.142857142857,6024.142857142857,-30403.0
2024-11-03,84.0,171.0,157.0,5990,184.0,6161.0,-27.0,-2.569941444372148,6064.571428571428,6031.357142857143,-30430.0
2024-11-04,167.0,209.0,157.0,6007,132.0,6216.0,25.0,0.28380634390650084,6054.571428571428,6036.5,-30405.0
2024-11-05,109.0,245.0,159.0,6045,126.0,6290.0,33.0,0.6325953054769462,6064.714285714285,6038.785714285715,-30372.0
2024-11-06,156.0,256.0,176.0,6086,137.0,6342.0,39.0,0.6782464846980973,6075.857142857143,6042.357142857143,-30333.0
2024-11-07,125.0,232.0,192.0,6084,177.0,6316.0,15.0,-0.032862306933945096,6072.714285714285,6042.928571428572,-30318.0
2024-11-11,118.0,139.0,168.0,5963,145.0,6102.0,23.0,-1.9888231426692937,6046.142857142857,6046.142857142857,-30295.0
2024-11-12,142.0,235.0,139.0,5975,138.0,6210.0,1.0,0.20124098608083063,6021.428571428572,6046.785714285715,-30294.0
2024-11-13,148.0,245.0,175.0,5966,151.0,6211.0,24.0,-0.15062761506275946,6018.0,6041.285714285715,-30270.0
2024-11-14,119.0,219.0,210.0,6025,172.0,6244.0,38.0,0.988937311431437,6020.571428571428,6037.571428571428,-30232.0
2024-11-17,105.0,210.0,149.0,5816,195.0,6026.0,-46.0,-3.4688796680497958,5987.857142857143,6026.285714285715,-30278.0
2024-11-18,143.0,203.0,163.0,5819,138.0,6022.0,25.0,0.05158184319120629,5949.714285714285,6012.785714285715,-30253.0
2024-11-19,119.0,209.0,152.0,5844,146.0,6053.0,6.0,0.42962708369136404,5915.428571428572,5994.071428571428,-30247.0
2024-11-20,155.0,212.0,181.0,5879,148.0,6091.0,33.0,0.5989048596851454,5903.428571428572,5974.785714285715,-30214.0
2024-11-21,109.0,214.0,173.0,5850,210.0,6064.0,-37.0,-0.493281170267057,5885.571428571428,5953.5,-30251.0
2024-11-24,191.0,283.0,192.0,5664,207.0,5947.0,-15.0,-3.1794871794871837,5842.428571428572,5930.214285714285,-30266.0
2024-11-25,170.0,297.0,196.0,5715,129.0,6012.0,67.0,0.9004237288135597,5798.142857142857,5909.357142857143,-30199.0
2024-11-26,152.0,272.0,214.0,5826,112.0,6098.0,102.0,1.942257217847776,5799.571428571428,5893.714285714285,-30097.0
2024-11-27,239.0,367.0,224.0,5862,211.0,6229.0,13.0,0.6179196704428458,5805.714285714285,5877.714285714285,-30084.0
2024-11-28,113.0,280.0,237.0,5963,143.0,6243.0,94.0,1.7229614466052645,5822.714285714285,5869.071428571428,-29990.0
2024-12-01,196.0,306.0,187.0,5986,149.0,6292.0,38.0,0.38571188998826056,5838.0,5870.714285714285,-29952.0
2024-12-02,236.0,330.0,222.0,6061,115.0,6391.0,107.0,1.2529234881389906,5868.142857142857,5876.857142857143,-29845.0
2024-12-03,81.0,230.0,242.0,6192,107.0,6422.0,135.0,2.161359511631744,5943.571428571428,5893.0,-29710.0
2024-12-04,118.0,245.0,160.0,6269,115.0,6514.0,45.0,1.2435400516795925,6022.714285714285,5910.428571428572,-29665.0
2024-12-05,218.0,283.0,208.0,6310,150.0,6593.0,58.0,0.6540118041154841,6091.857142857143,5945.714285714285,-29607.0
2024-12-08,132.0,243.0,183.0,6286,172.0,6529.0,11.0,-0.38034865293185005,6152.428571428572,5979.071428571428,-29596.0
2024-12-09,224.0,315.0,152.0,6268,174.0,6583.0,-22.0,-0.2863506204263455,6196.0,6009.357142857143,-29618.0
2024-12-10,167.0,326.0,213.0,6310,149.0,6636.0,64.0,0.6700701978302526,6242.285714285715,6040.142857142857,-29554.0
2024-12-11,209.0,353.0,232.0,6402,152.0,6755.0,80.0,1.4580031695720974,6291.0,6079.571428571428,-29474.0
2024-12-12,153.0,253.0,286.0,6481,194.0,6734.0,92.0,1.2339893783192668,6332.285714285715,6137.928571428572,-29382.0
2024-12-15,180.0,337.0,219.0,6408,224.0,6745.0,-5.0,-1.126369387440207,6352.142857142857,6187.428571428572,-29387.0
2024-12-16,133.0,287.0,189.0,6454,149.0,6741.0,40.0,0.7178526841448152,6372.714285714285,6232.285714285715,-29347.0
2024-12-17,187.0,310.0,247.0,6506,151.0,6816.0,96.0,0.8057018903005808,6404.142857142857,6278.285714285715,-29251.0
2024-12-18,168.0,285.0,210.0,6598,134.0,6883.0,76.0,1.4140793114048478,6451.285714285715,6323.642857142857,-29175.0
2024-12-19,269.0,412.0,204.0,6600,238.0,7012.0,-34.0,0.030312215822969613,6492.714285714285,6367.5,-29209.0
2024-12-22,100.0,255.0,236.0,6595,268.0,6850.0,-32.0,-0.07575757575757347,6520.285714285715,6405.642857142857,-29241.0
2024-12-23,205.0,294.0,177.0,6548,231.0,6842.0,-54.0,-0.7126611068991706,6529.857142857143,6431.071428571428,-29295.0
2024-12-24,161.0,304.0,211.0,6622,155.0,6926.0,56.0,1.1301160659743514,6560.428571428572,6456.285714285715,-29239.0
2024-12-25,57.0,162.0,193.0,6689,107.0,6851.0,86.0,1.011778918755657,6594.0,6483.357142857143,-29153.0
2024-12-26,80.0,122.0,152.0,6707,135.0,6829.0,17.0,0.26909851995813305,6622.714285714285,6513.428571428572,-29136.0
2024-12-29,107.0,170.0,133.0,6465,216.0,6635.0,-83.0,-3.608170568063218,6603.714285714285,6527.5,-29219.0
2024-12-30,99.0,156.0,139.0,6454,177.0,6610.0,-38.0,-0.1701469450889448,6582.857142857143,6537.785714285715,-29257.0
2025-01-01,25.0,66.0,94.0,6405,144.0,6471.0,-50.0,-0.7592190889370909,6555.714285714285,6538.0,-29307.0
2025-01-02,35.0,70.0,53.0,6292,170.0,6362.0,-117.0,-1.764246682279469,6519.142857142857,6524.5,-29424.0
2025-01-05,43.0,73.0,64.0,5882,185.0,5955.0,-121.0,-6.5162110616656115,6413.428571428572,6486.928571428572,-29545.0
2025-01-06,41.0,60.0,71.0,5769,190.0,5829.0,-119.0,-1.921115266916018,6282.0,6438.0,-29664.0
2025-01-07,65.0,83.0,65.0,5703,133.0,5786.0,-68.0,-1.14404576183047,6138.571428571428,6380.642857142857,-29732.0
2025-01-08,38.0,80.0,82.0,5605,184.0,5685.0,-102.0,-1.7183938278099276,6015.714285714285,6309.714285714285,-29834.0
2025-01-09,56.0,82.0,68.0,5507,164.0,5589.0,-96.0,-1.7484388938447837,5880.428571428572,6231.642857142857,-29930.0
2025-01-12,74.0,103.0,80.0,5092,235.0,5195.0,-155.0,-7.535863446522606,5692.857142857143,6124.285714285715,-30085.0
2025-01-13,68.0,107.0,102.0,5019,181.0,5126.0,-79.0,-1.4336213668499576,5511.0,6015.071428571428,-30164.0
2025-01-14,92.0,124.0,93.0,4957,139.0,5081.0,-46.0,-1.2353058378163029,5378.857142857143,5896.142857142857,-30210.0
2025-01-15,113.0,162.0,107.0,4903,164.0,5065.0,-57.0,-1.0893685696994115,5255.142857142857,5768.571428571428,-30267.0
2025-01-16,106.0,196.0,131.0,4881,159.0,5077.0,-28.0,-0.4487048745665967,5137.714285714285,5638.142857142857,-30295.0
2025-01-19,86.0,152.0,168.0,4628,176.0,4780.0,-8.0,-5.183364064740836,4998.142857142857,5506.928571428572,-30303.0
2025-01-20,84.0,118.0,136.0,4638,127.0,4756.0,9.0,0.2160760587726962,4874.0,5377.214285714285,-30294.0
2025-01-21,59.0,64.0,117.0,4728,54.0,4792.0,63.0,1.9404915912031084,4822.0,5257.428571428572,-30231.0
2025-01-22,62.0,97.0,52.0,4717,83.0,4814.0,-31.0,-0.2326565143824011,4778.857142857143,5144.928571428572,-30262.0
2025-01-23,91.0,75.0,97.0,4621,174.0,4696.0,-77.0,-2.0351918592325657,4730.857142857143,5054.857142857143,-30339.0
2025-01-26,29.0,51.0,11.0,4241,182.0,4292.0,-171.0,-8.223328283921227,4636.285714285715,4945.714285714285,-30510.0
2025-01-27,33.0,53.0,34.0,4161,127.0,4214.0,-93.0,-1.8863475595378487,4533.428571428572,4835.571428571428,-30603.0
2025-01-28,32.0,49.0,39.0,4096,101.0,4145.0,-62.0,-1.5621244893054609,4457.428571428572,4727.785714285715,-30665.0
2025-01-29,32.0,50.0,39.0,4036,99.0,4086.0,-60.0,-1.46484375,4371.428571428572,4622.714285714285,-30725.0
2025-01-30,47.0,42.0,47.0,3923,159.0,3965.0,-112.0,-2.7998017839445,4256.428571428572,4539.214285714285,-30837.0
2025-02-02,20.0,22.0,41.0,3483,168.0,3505.0,-127.0,-11.2159061942391,4080.1428571428573,4429.5,-30964.0
2025-02-03,23.0,45.0,11.0,3403,102.0,3448.0,-91.0,-2.296870513924776,3906.1428571428573,4318.5,-31055.0
2025-02-04,34.0,54.0,29.0,3359,74.0,3413.0,-45.0,-1.2929767851895368,3780.1428571428573,4208.214285714285,-31100.0
2025-02-05,26.0,36.0,36.0,3290,104.0,3326.0,-68.0,-2.054182792497772,3655.714285714286,4094.5714285714284,-31168.0
2025-02-06,25.0,32.0,27.0,3181,145.0,3213.0,-118.0,-3.313069908814592,3525.0,3991.214285714286,-31286.0
2025-02-09,15.0,13.0,23.0,2878,99.0,2891.0,-76.0,-9.52530650738761,3359.5714285714284,3865.5,-31362.0
2025-02-10,16.0,18.0,15.0,2834,63.0,2852.0,-48.0,-1.5288394718554588,3204.0,3730.214285714286,-31410.0
2025-02-11,11.0,22.0,12.0,2799,50.0,2821.0,-38.0,-1.235003528581513,3106.285714285714,3593.214285714286,-31448.0
2025-02-12,16.0,20.0,20.0,2752,66.0,2772.0,-46.0,-1.6791711325473413,3013.285714285714,3459.714285714286,-31494.0
2025-02-13,15.0,10.0,23.0,2703,72.0,2713.0,-49.0,-1.7805232558139483,2919.5714285714284,3349.8571428571427,-31543.0
2025-02-17,8.0,17.0,14.0,2532,15.0,2549.0,-1.0,-6.326304106548275,2811.285714285714,3233.5,-31544.0
2025-02-18,18.0,19.0,11.0,2536,9.0,2555.0,2.0,0.15797788309637184,2719.1428571428573,3122.0714285714284,-31542.0
2025-02-19,12.0,17.0,17.0,2528,19.0,2545.0,-2.0,-0.3154574132492094,2669.1428571428573,3014.3571428571427,-31544.0
2025-02-20,13.0,25.0,15.0,2520,32.0,2545.0,-17.0,-0.31645569620253333,2624.285714285714,2914.1428571428573,-31561.0
2025-02-23,7.0,16.0,8.0,2423,35.0,2439.0,-27.0,-3.8492063492063466,2570.5714285714284,2838.4285714285716,-31588.0
2025-02-24,20.0,22.0,14.0,2413,24.0,2435.0,-10.0,-0.4127115146512539,2522.1428571428573,2767.714285714286,-31598.0
2025-02-25,11.0,7.0,7.0,2413,23.0,2420.0,-16.0,0.0,2480.714285714286,2700.1428571428573,-31614.0
2025-02-26,12.0,21.0,1.0,2411,23.0,2432.0,-22.0,-0.08288437629506706,2463.4285714285716,2637.3571428571427,-31636.0
2025-02-27,10.0,15.0,17.0,2391,37.0,2406.0,-20.0,-0.8295313148071304,2442.714285714286,2580.9285714285716,-31656.0
2025-03-02,12.0,24.0,4.0,2297,31.0,2321.0,-27.0,-3.931409452112089,2409.714285714286,2539.4285714285716,-31683.0
2025-03-03,8.0,29.0,18.0,2287,25.0,2316.0,-7.0,-0.4353504571179778,2376.4285714285716,2500.3571428571427,-31690.0
2025-03-04,4.0,25.0,10.0,2272,30.0,2297.0,-20.0,-0.655881066899866,2354.8571428571427,2462.714285714286,-31710.0
2025-03-05,5.0,20.0,4.0,2238,40.0,2258.0,-36.0,-1.4964788732394374,2329.8571428571427,2426.0,-31746.0
2025-03-06,7.0,27.0,6.0,2218,33.0,2245.0,-27.0,-0.893655049151032,2302.0,2391.3571428571427,-31773.0
2025-03-09,12.0,25.0,15.0,2137,30.0,2162.0,-15.0,-3.6519386834986456,2262.8571428571427,2363.1428571428573,-31788.0
2025-03-10,6.0,28.0,8.0,2125,23.0,2153.0,-15.0,-0.5615348619560145,2224.8571428571427,2333.785714285714,-31803.0
2025-03-11,3.0,11.0,7.0,2116,20.0,2127.0,-13.0,-0.4235294117647004,2199.0,2304.3571428571427,-31816.0
2025-03-12,6.0,18.0,2.0,2113,8.0,2131.0,-6.0,-0.14177693761814325,2174.1428571428573,2275.285714285714,-31822.0
2025-03-13,4.0,20.0,9.0,2116,6.0,2136.0,3.0,0.14197823000472454,2151.8571428571427,2253.3571428571427,-31819.0
2025-03-16,1.0,9.0,8.0,2117,5.0,2126.0,3.0,0.04725897920605515,2134.5714285714284,2232.214285714286,-31816.0
2025-03-17,5.0,14.0,0.0,2111,8.0,2125.0,-8.0,-0.28341993386867825,2119.285714285714,2210.6428571428573,-31824.0
2025-03-18,19.0,34.0,6.0,2109,8.0,2143.0,-2.0,-0.0947418285172863,2115.285714285714,2189.0714285714284,-31826.0
2025-03-19,6.0,22.0,14.0,2119,9.0,2141.0,5.0,0.4741583688952167,2114.4285714285716,2169.6428571428573,-31821.0
2025-03-20,9.0,20.0,11.0,2124,7.0,2144.0,4.0,0.23596035865973697,2115.5714285714284,2157.285714285714,-31817.0
2025-03-23,15.0,29.0,9.0,2136,2.0,2165.0,7.0,0.5649717514124353,2118.8571428571427,2146.5,-31810.0
2025-03-24,7.0,13.0,11.0,2139,7.0,2152.0,4.0,0.1404494382022392,2122.1428571428573,2137.0,-31806.0
2025-03-25,12.0,19.0,7.0,2145,6.0,2164.0,1.0,0.28050490883591017,2126.1428571428573,2130.3571428571427,-31805.0
2025-03-26,9.0,21.0,15.0,2159,2.0,2180.0,13.0,0.6526806526806483,2133.0,2126.1428571428573,-31792.0
2025-03-27,1.0,19.0,13.0,2159,2.0,2178.0,11.0,0.0,2140.1428571428573,2127.714285714286,-31781.0
2025-03-30,9.0,20.0,5.0,2188,2.0,2208.0,3.0,1.3432144511347888,2150.0,2132.214285714286,-31778.0
2025-03-31,9.0,25.0,8.0,2193,5.0,2218.0,3.0,0.22851919561244216,2159.8571428571427,2137.714285714286,-31775.0
2025-04-01,17.0,36.0,7.0,2191,12.0,2227.0,-5.0,-0.09119927040583953,2167.714285714286,2143.285714285714,-31780.0
2025-04-02,5.0,31.0,16.0,2208,3.0,2239.0,13.0,0.7759014148790433,2177.5714285714284,2149.8571428571427,-31767.0
2025-04-03,12.0,26.0,18.0,2223,8.0,2249.0,10.0,0.6793478260869623,2188.714285714286,2157.4285714285716,-31757.0
2025-04-06,7.0,14.0,7.0,2234,11.0,2248.0,-4.0,0.49482681061627787,2199.4285714285716,2166.214285714286,-31761.0
2025-04-07,12.0,22.0,9.0,2237,5.0,2259.0,4.0,0.13428827215755668,2210.5714285714284,2175.3571428571427,-31757.0
2025-04-08,12.0,34.0,12.0,2243,9.0,2277.0,3.0,0.26821636119802594,2218.4285714285716,2184.214285714286,-31754.0
2025-04-09,6.0,19.0,10.0,2251,5.0,2270.0,5.0,0.3566651805617438,2226.714285714286,2193.285714285714,-31749.0
2025-04-10,18.0,25.0,17.0,2265,6.0,2290.0,11.0,0.6219458018658308,2237.285714285714,2202.5,-31738.0
2025-04-11,8.0,22.0,8.0,2267,9.0,2289.0,-1.0,0.08830022075054789,2245.714285714286,2211.6428571428573,-31739.0
2025-04-13,5.0,26.0,10.0,2283,3.0,2309.0,7.0,0.705778561976178,2254.285714285714,2221.5,-31732.0
2025-04-14,5.0,26.0,9.0,2282,13.0,2308.0,-4.0,-0.043802014892679875,2261.1428571428573,2230.285714285714,-31736.0
2025-04-15,4.0,19.0,12.0,2286,7.0,2305.0,5.0,0.17528483786153348,2268.1428571428573,2239.3571428571427,-31731.0
2025-04-16,11.0,30.0,5.0,2291,8.0,2321.0,-3.0,0.21872265966753623,2275.0,2246.714285714286,-31734.0
2025-04-17,7.0,26.0,10.0,2288,14.0,2314.0,-4.0,-0.13094718463553257,2280.285714285714,2253.5,-31738.0
2025-04-20,4.0,15.0,6.0,2305,4.0,2320.0,2.0,0.7430069930070005,2286.0,2261.6428571428573,-31736.0
2025-04-21,10.0,25.0,5.0,2308,6.0,2333.0,-1.0,0.130151843817794,2291.8571428571427,2268.785714285714,-31737.0
2025-04-22,7.0,19.0,14.0,2305,17.0,2324.0,-3.0,-0.12998266897746857,2295.0,2274.6428571428573,-31740.0
2025-04-23,3.0,23.0,4.0,2300,11.0,2323.0,-7.0,-0.2169197396963085,2297.5714285714284,2279.3571428571427,-31747.0
2025-04-24,3.0,9.0,7.0,2294,13.0,2303.0,-6.0,-0.260869565217392,2298.714285714286,2283.4285714285716,-31753.0
2025-04-27,9.0,40.0,12.0,2301,4.0,2341.0,8.0,0.30514385353095363,2300.1428571428573,2287.5714285714284,-31745.0
2025-04-28,6.0,26.0,12.0,2307,8.0,2333.0,4.0,0.26075619295957697,2302.8571428571427,2291.5714285714284,-31741.0
2025-04-29,11.0,25.0,11.0,2304,15.0,2329.0,-4.0,-0.13003901170350884,2302.714285714286,2294.3571428571427,-31745.0
2025-04-30,7.0,34.0,9.0,2309,12.0,2343.0,-3.0,0.21701388888888395,2302.8571428571427,2297.3571428571427,-31748.0
2025-05-01,13.0,32.0,14.0,2306,16.0,2338.0,-2.0,-0.12992637505413462,2303.0,2299.0,-31750.0
2025-05-04,9.0,31.0,10.0,2335,5.0,2366.0,5.0,1.2575888985255856,2308.0,2302.785714285714,-31745.0
2025-05-05,15.0,44.0,20.0,2331,17.0,2375.0,3.0,-0.17130620985010836,2313.285714285714,2306.0,-31742.0
2025-05-06,10.0,33.0,16.0,2339,16.0,2372.0,0.0,0.343200343200345,2318.714285714286,2309.4285714285716,-31742.0
2025-05-07,10.0,30.0,15.0,2335,10.0,2365.0,5.0,-0.17101325352715246,2322.714285714286,2312.785714285714,-31737.0
2025-05-08,15.0,24.0,16.0,2361,11.0,2385.0,5.0,1.1134903640257043,2330.8571428571427,2316.785714285714,-31732.0
2025-05-11,15.0,20.0,12.0,2385,3.0,2405.0,9.0,1.016518424396451,2341.714285714286,2322.285714285714,-31723.0
2025-05-12,7.0,33.0,14.0,2392,7.0,2425.0,7.0,0.2935010482180367,2354.0,2328.5,-31716.0
2025-05-13,18.0,29.0,12.0,2394,11.0,2423.0,1.0,0.08361204013378476,2362.4285714285716,2335.214285714286,-31715.0
2025-05-14,7.0,30.0,14.0,2394,11.0,2424.0,3.0,0.0,2371.4285714285716,2342.3571428571427,-31712.0
2025-05-15,15.0,31.0,14.0,2410,14.0,2441.0,0.0,0.6683375104427736,2381.5714285714284,2350.1428571428573,-31712.0
2025-05-18,13.0,28.0,14.0,2437,9.0,2465.0,5.0,1.120331950207465,2396.1428571428573,2359.4285714285716,-31707.0
2025-05-19,7.0,27.0,17.0,2457,6.0,2484.0,11.0,0.8206811653672652,2409.8571428571427,2370.3571428571427,-31696.0
2025-05-21,14.0,62.0,13.0,2467,18.0,2529.0,-5.0,0.40700040700041296,2421.5714285714284,2381.6428571428573,-31701.0
2025-05-22,18.0,36.0,17.0,2473,15.0,2509.0,2.0,0.2432103769760774,2433.1428571428573,2393.5714285714284,-31699.0
2025-05-27,6.0,24.0,7.0,2504,11.0,2528.0,-4.0,1.2535382126971362,2448.8571428571427,2405.6428571428573,-31703.0
2025-05-28,12.0,39.0,12.0,2499,14.0,2538.0,-2.0,-0.19968051118210983,2463.8571428571427,2417.6428571428573,-31705.0
2025-05-29,13.0,38.0,15.0,2506,11.0,2544.0,4.0,0.2801120448179262,2477.5714285714284,2429.5714285714284,-31701.0
2025-06-01,8.0,24.0,16.0,2528,12.0,2552.0,4.0,0.8778930566640142,2490.5714285714284,2443.3571428571427,-31697.0
2025-06-02,10.0,19.0,5.0,2518,16.0,2537.0,-11.0,-0.39556962025316666,2499.285714285714,2454.5714285714284,-31708.0
2025-06-03,5.0,23.0,11.0,2519,15.0,2542.0,-4.0,0.03971405877680745,2506.714285714286,2464.1428571428573,-31712.0
2025-06-04,4.0,16.0,9.0,2516,16.0,2532.0,-7.0,-0.11909487892021176,2512.8571428571427,2473.0,-31719.0
2025-06-05,8.0,26.0,5.0,2503,21.0,2529.0,-16.0,-0.5166931637519911,2512.714285714286,2480.785714285714,-31735.0
2025-06-08,10.0,16.0,15.0,2507,13.0,2523.0,2.0,0.15980823012384793,2513.8571428571427,2488.8571428571427,-31733.0
2025-06-09,8.0,21.0,14.0,2516,9.0,2537.0,5.0,0.35899481451935333,2515.285714285714,2496.4285714285716,-31728.0
2025-06-10,17.0,28.0,7.0,2511,12.0,2539.0,-5.0,-0.1987281399046137,2512.8571428571427,2501.714285714286,-31733.0
2025-06-17,7.0,24.0,10.0,2523,14.0,2547.0,-4.0,0.4778972520907976,2513.5714285714284,2506.4285714285716,-31737.0
2025-06-19,8.0,19.0,7.0,2501,18.0,2520.0,-11.0,-0.8719778042013515,2511.0,2508.8571428571427,-31748.0
2025-06-22,7.0,13.0,5.0,2508,7.0,2521.0,-2.0,0.27988804478209506,2509.8571428571427,2511.3571428571427,-31750.0
2025-06-23,3.0,15.0,5.0,2495,17.0,2510.0,-12.0,-0.5183413078149957,2508.714285714286,2510.714285714286,-31762.0
2025-06-24,5.0,20.0,5.0,2489,16.0,2509.0,-11.0,-0.24048096192385016,2506.1428571428573,2510.0,-31773.0
2025-06-25,6.0,12.0,2.0,2470,24.0,2482.0,-22.0,-0.7633587786259555,2499.5714285714284,2507.4285714285716,-31795.0
2025-06-26,3.0,9.0,7.0,2447,35.0,2456.0,-28.0,-0.9311740890688314,2490.4285714285716,2501.6428571428573,-31823.0
2025-06-29,5.0,17.0,7.0,2413,20.0,2430.0,-13.0,-1.389456477319162,2474.714285714286,2494.1428571428573,-31836.0
2025-06-30,9.0,22.0,8.0,2407,16.0,2429.0,-8.0,-0.2486531288852012,2461.285714285714,2486.1428571428573,-31844.0
2025-07-01,7.0,14.0,6.0,2391,22.0,2405.0,-16.0,-0.6647278770253395,2444.5714285714284,2477.214285714286,-31860.0
2025-07-02,8.0,20.0,9.0,2373,38.0,2393.0,-29.0,-0.7528230865746499,2427.1428571428573,2467.9285714285716,-31889.0
2025-07-06,4.0,17.0,2.0,2332,8.0,2349.0,-6.0,-1.7277707543194243,2404.714285714286,2455.4285714285716,-31895.0
2025-07-07,3.0,18.0,8.0,2317,20.0,2335.0,-12.0,-0.6432246998284707,2382.8571428571427,2441.214285714286,-31907.0
2025-07-08,5.0,16.0,8.0,2306,20.0,2322.0,-12.0,-0.4747518342684498,2362.714285714286,2426.5714285714284,-31919.0
2025-07-09,2.0,18.0,0.0,2281,32.0,2299.0,-32.0,-1.0841283607979202,2343.8571428571427,2409.285714285714,-31951.0
2025-07-10,2.0,12.0,3.0,2252,39.0,2264.0,-36.0,-1.2713722051731713,2321.714285714286,2391.5,-31987.0
2025-07-13,1.0,13.0,4.0,2204,10.0,2217.0,-6.0,-2.131438721136769,2295.0,2369.785714285714,-31993.0
2025-07-14,2.0,9.0,1.0,2181,26.0,2190.0,-25.0,-1.0435571687840262,2267.5714285714284,2347.3571428571427,-32018.0
2025-07-15,0.0,8.0,5.0,2171,17.0,2179.0,-12.0,-0.4585052728106387,2244.5714285714284,2324.6428571428573,-32030.0
2025-07-16,1.0,9.0,0.0,2164,11.0,2173.0,-11.0,-0.32243205895901017,2222.714285714286,2302.785714285714,-32041.0
2025-07-17,3.0,16.0,2.0,2153,17.0,2169.0,-15.0,-0.5083179297597051,2200.8571428571427,2281.785714285714,-32056.0
2025-07-21,4.0,18.0,7.0,2121,16.0,2139.0,-9.0,-1.4862981885740867,2178.0,2260.9285714285716,-32065.0
2025-07-22,5.0,13.0,3.0,2117,16.0,2130.0,-13.0,-0.1885902876001877,2158.714285714286,2240.214285714286,-32078.0
2025-07-23,6.0,21.0,5.0,2111,14.0,2132.0,-9.0,-0.28341993386867825,2145.4285714285716,2220.214285714286,-32087.0
2025-07-24,6.0,18.0,7.0,2096,29.0,2114.0,-22.0,-0.710563713879675,2133.285714285714,2200.4285714285716,-32109.0
2025-07-27,1.0,12.0,2.0,2088,4.0,2100.0,-2.0,-0.3816793893129722,2121.4285714285716,2183.0,-32111.0
2025-07-28,2.0,9.0,3.0,2080,14.0,2089.0,-11.0,-0.3831417624521105,2109.4285714285716,2166.0714285714284,-32122.0
2025-07-29,2.0,8.0,3.0,2072,12.0,2080.0,-9.0,-0.38461538461538325,2097.8571428571427,2149.3571428571427,-32131.0
2025-07-30,4.0,15.0,4.0,2063,16.0,2078.0,-12.0,-0.4343629343629307,2089.5714285714284,2133.785714285714,-32143.0
2025-07-31,2.0,9.0,6.0,2058,15.0,2067.0,-9.0,-0.2423654871546277,2081.1428571428573,2119.9285714285716,-32152.0
2025-08-03,5.0,26.0,3.0,2049,5.0,2075.0,-2.0,-0.4373177842565634,2072.285714285714,2108.8571428571427,-32154.0
2025-08-04,5.0,22.0,11.0,2040,14.0,2062.0,-3.0,-0.43923865300146137,2064.285714285714,2098.785714285714,-32157.0
2025-08-05,2.0,21.0,10.0,2042,14.0,2063.0,-4.0,0.09803921568627416,2057.714285714286,2089.5714285714284,-32161.0
2025-08-06,4.0,17.0,3.0,2036,13.0,2053.0,-10.0,-0.2938295788442735,2051.4285714285716,2080.4285714285716,-32171.0
2025-08-07,4.0,18.0,6.0,2031,17.0,2049.0,-11.0,-0.24557956777996326,2045.5714285714287,2071.714285714286,-32182.0
2025-08-10,0.0,18.0,8.0,2006,12.0,2024.0,-4.0,-1.230920728705076,2037.4285714285713,2063.5,-32186.0
2025-08-11,6.0,23.0,4.0,1999,16.0,2022.0,-12.0,-0.34895314057826754,2029.0,2055.0714285714284,-32198.0
2025-08-12,8.0,38.0,9.0,1999,9.0,2037.0,0.0,0.0,2021.857142857143,2047.0714285714287,-32198.0
2025-08-13,6.0,22.0,12.0,1997,17.0,2019.0,-5.0,-0.10005002501251026,2015.7142857142858,2040.0,-32203.0
2025-08-14,3.0,27.0,4.0,1994,11.0,2021.0,-7.0,-0.1502253380070151,2008.857142857143,2033.2857142857142,-32210.0
2025-08-17,4.0,14.0,2.0,1991,3.0,2005.0,-1.0,-0.15045135406218657,2002.4285714285713,2026.9285714285713,-32211.0
2025-08-18,4.0,20.0,6.0,1985,14.0,2005.0,-8.0,-0.30135610246107003,1995.857142857143,2020.7142857142858,-32219.0
2025-08-19,5.0,35.0,3.0,1980,11.0,2015.0,-8.0,-0.25188916876573986,1992.142857142857,2014.7857142857142,-32227.0
2025-08-20,10.0,38.0,10.0,1983,10.0,2021.0,0.0,0.15151515151514694,1989.857142857143,2009.4285714285713,-32227.0
2025-08-21,6.0,49.0,8.0,1972,21.0,2021.0,-13.0,-0.5547150781644028,1986.0,2003.9285714285713,-32240.0
2025-08-24,4.0,21.0,5.0,1981,5.0,2002.0,0.0,0.4563894523326617,1983.7142857142858,1999.7142857142858,-32240.0
2025-08-25,8.0,30.0,8.0,1980,11.0,2010.0,-3.0,-0.050479555779914254,1981.7142857142858,1995.2857142857142,-32243.0
2025-08-26,10.0,21.0,20.0,1989,15.0,2010.0,5.0,0.454545454545463,1981.4285714285713,1991.9285714285713,-32238.0
2025-08-27,5.0,19.0,9.0,1988,19.0,2007.0,-10.0,-0.05027652086475598,1981.857142857143,1988.857142857143,-32248.0
2025-08-28,8.0,33.0,6.0,1984,17.0,2017.0,-11.0,-0.2012072434607659,1982.4285714285713,1987.2857142857142,-32259.0
2025-09-01,10.0,29.0,17.0,2010,5.0,2039.0,12.0,1.310483870967749,1986.2857142857142,1988.0714285714287,-32247.0
2025-09-02,6.0,35.0,9.0,2020,9.0,2055.0,0.0,0.4975124378109541,1993.142857142857,1989.5714285714287,-32247.0
2025-09-03,4.0,29.0,11.0,2019,10.0,2048.0,1.0,-0.04950495049504955,1998.5714285714287,1991.142857142857,-32246.0
2025-09-04,11.0,40.0,2.0,2015,14.0,2055.0,-12.0,-0.1981178801386818,2003.5714285714287,1992.642857142857,-32258.0
2025-09-07,4.0,19.0,9.0,2026,7.0,2045.0,2.0,0.5459057071960371,2008.857142857143,1995.142857142857,-32256.0
2025-09-08,7.0,25.0,5.0,2025,6.0,2050.0,-1.0,-0.049358341559724295,2014.142857142857,1998.0,-32257.0
2025-09-09,18.0,42.0,11.0,2023,14.0,2065.0,-3.0,-0.09876543209876854,2019.7142857142858,2001.0714285714287,-32260.0
2025-09-10,10.0,47.0,14.0,2025,18.0,2072.0,-4.0,0.0988630746416197,2021.857142857143,2004.0714285714287,-32264.0
2025-09-11,12.0,38.0,29.0,2047,6.0,2085.0,23.0,1.0864197530864095,2025.7142857142858,2009.4285714285713,-32241.0
2025-09-14,7.0,39.0,13.0,2083,5.0,2122.0,8.0,1.7586712261846715,2034.857142857143,2016.7142857142858,-32233.0
2025-09-15,9.0,47.0,10.0,2086,10.0,2133.0,0.0,0.1440230436869916,2045.0,2024.2857142857142,-32233.0
2025-09-16,7.0,28.0,17.0,2095,12.0,2123.0,5.0,0.431447746883995,2054.8571428571427,2031.857142857143,-32228.0
2025-09-17,7.0,38.0,5.0,2096,13.0,2134.0,-8.0,0.04773269689737347,2065.0,2039.5714285714287,-32236.0
2025-09-18,20.0,52.0,11.0,2096,14.0,2148.0,-3.0,0.0,2075.4285714285716,2047.5714285714287,-32239.0
2025-09-21,8.0,35.0,13.0,2134,5.0,2169.0,8.0,1.8129770992366456,2091.0,2056.4285714285716,-32231.0
2025-09-22,17.0,40.0,14.0,2141,10.0,2181.0,4.0,0.32802249297094743,2104.4285714285716,2065.0714285714284,-32227.0
2025-09-23,11.0,36.0,10.0,2145,15.0,2181.0,-5.0,0.18682858477347963,2113.285714285714,2074.0714285714284,-32232.0
2025-09-24,3.0,38.0,12.0,2138,17.0,2176.0,-5.0,-0.32634032634032417,2120.714285714286,2082.8571428571427,-32237.0
2025-09-25,6.0,35.0,12.0,2132,18.0,2167.0,-6.0,-0.280636108512633,2126.0,2090.4285714285716,-32243.0
2025-09-28,11.0,29.0,12.0,2146,9.0,2175.0,3.0,0.6566604127579811,2133.1428571428573,2099.0714285714284,-32240.0
2025-09-29,8.0,35.0,12.0,2148,13.0,2183.0,-1.0,0.09319664492077884,2140.5714285714284,2108.0,-32241.0
2025-09-30,8.0,32.0,12.0,2159,7.0,2191.0,5.0,0.5121042830539935,2144.1428571428573,2117.5714285714284,-32236.0
2025-10-01,4.0,33.0,12.0,2163,14.0,2196.0,-2.0,0.18527095877720612,2147.285714285714,2125.8571428571427,-32238.0
2025-10-02,20.0,51.0,15.0,2164,16.0,2215.0,-1.0,0.046232085067043904,2150.0,2131.6428571428573,-32239.0
2025-10-05,8.0,28.0,13.0,2180,16.0,2208.0,-3.0,0.7393715341959428,2156.0,2138.3571428571427,-32242.0
2025-10-06,5.0,33.0,15.0,2187,10.0,2220.0,5.0,0.32110091743118296,2163.8571428571427,2144.9285714285716,-32237.0
2025-10-07,11.0,45.0,4.0,2189,10.0,2234.0,-6.0,0.09144947416552807,2170.0,2151.5714285714284,-32243.0
2025-10-08,8.0,49.0,15.0,2192,17.0,2241.0,-2.0,0.13704888076746524,2176.285714285714,2158.4285714285716,-32245.0
2025-10-09,11.0,55.0,13.0,2192,12.0,2247.0,1.0,0.0,2181.0,2162.5714285714284,-32244.0
2025-10-13,8.0,24.0,7.0,2223,6.0,2247.0,1.0,1.414233576642343,2189.5714285714284,2168.4285714285716,-32243.0
2025-10-14,7.0,30.0,16.0,2235,8.0,2265.0,8.0,0.5398110661268607,2199.714285714286,2174.8571428571427,-32235.0
2025-10-15,8.0,29.0,10.0,2225,15.0,2254.0,-5.0,-0.4474272930648726,2206.1428571428573,2181.0714285714284,-32240.0
2025-10-16,9.0,33.0,15.0,2233,9.0,2266.0,6.0,0.35955056179775013,2212.714285714286,2188.285714285714,-32234.0
2025-10-19,9.0,34.0,17.0,2237,7.0,2271.0,10.0,0.17913121361397,2219.5714285714284,2194.785714285714,-32224.0
2025-10-20,10.0,39.0,6.0,2243,7.0,2282.0,-1.0,0.26821636119802594,2226.8571428571427,2201.5714285714284,-32225.0
2025-10-21,13.0,39.0,17.0,2251,9.0,2290.0,8.0,0.3566651805617438,2235.285714285714,2208.1428571428573,-32217.0
2025-10-22,12.0,42.0,13.0,2261,12.0,2303.0,1.0,0.44424700133274264,2240.714285714286,2215.1428571428573,-32216.0
2025-10-23,4.0,27.0,26.0,2266,18.0,2293.0,8.0,0.2211410880141429,2245.1428571428573,2222.4285714285716,-32208.0
2025-10-26,4.0,35.0,12.0,2276,10.0,2311.0,2.0,0.44130626654899086,2252.4285714285716,2229.285714285714,-32206.0
2025-10-27,2.0,31.0,8.0,2282,11.0,2313.0,-3.0,0.2636203866432263,2259.4285714285716,2236.0714285714284,-32209.0
2025-10-28,6.0,22.0,11.0,2286,6.0,2308.0,5.0,0.17528483786153348,2266.4285714285716,2243.0,-32204.0
2025-10-29,6.0,25.0,4.0,2280,17.0,2305.0,-13.0,-0.2624671916010457,2271.714285714286,2249.285714285714,-32217.0
2025-10-30,3.0,17.0,14.0,2287,12.0,2304.0,2.0,0.3070175438596445,2276.8571428571427,2256.0714285714284,-32215.0
2025-11-02,5.0,21.0,10.0,2277,7.0,2298.0,3.0,-0.4372540445999107,2279.1428571428573,2259.9285714285716,-32212.0
2025-11-03,3.0,28.0,5.0,2269,12.0,2297.0,-7.0,-0.3513394817742599,2279.5714285714284,2262.3571428571427,-32219.0
2025-11-04,6.0,33.0,6.0,2270,8.0,2303.0,-2.0,0.044072278536799736,2278.714285714286,2265.5714285714284,-32221.0
2025-11-05,8.0,41.0,8.0,2272,7.0,2313.0,1.0,0.08810572687225626,2277.285714285714,2268.3571428571427,-32220.0
2025-11-06,6.0,33.0,9.0,2264,19.0,2297.0,-10.0,-0.35211267605633756,2274.1428571428573,2270.285714285714,-32230.0
2025-11-09,11.0,33.0,5.0,2294,4.0,2327.0,1.0,1.3250883392226243,2276.1428571428573,2273.9285714285716,-32229.0
2025-11-11,11.0,39.0,12.0,2294,14.0,2333.0,-2.0,0.0,2277.1428571428573,2277.0,-32231.0
2025-11-12,14.0,48.0,20.0,2302,7.0,2350.0,13.0,0.34873583260679464,2280.714285714286,2279.9285714285716,-32218.0
2025-11-13,6.0,26.0,16.0,2317,5.0,2343.0,11.0,0.6516072980017329,2287.5714285714284,2283.5714285714284,-32207.0
2025-11-16,5.0,22.0,3.0,2340,5.0,2362.0,-2.0,0.9926629261976627,2297.5714285714284,2288.1428571428573,-32209.0
2025-11-17,1.0,35.0,6.0,2343,8.0,2378.0,-2.0,0.12820512820512775,2307.714285714286,2292.5,-32211.0
2025-11-18,2.0,38.0,8.0,2345,12.0,2383.0,-4.0,0.08536064874093974,2319.285714285714,2296.714285714286,-32215.0
2025-11-19,7.0,32.0,3.0,2340,10.0,2372.0,-7.0,-0.2132196162046962,2325.8571428571427,2301.0,-32222.0
2025-11-20,18.0,57.0,8.0,2340,9.0,2397.0,-1.0,0.0,2332.4285714285716,2304.785714285714,-32223.0
2025-11-23,3.0,46.0,22.0,2375,1.0,2421.0,21.0,1.4957264957264904,2342.8571428571427,2311.785714285714,-32202.0
2025-11-24,9.0,40.0,9.0,2371,13.0,2411.0,-4.0,-0.16842105263158436,2350.5714285714284,2319.0714285714284,-32206.0
2025-11-25,6.0,47.0,14.0,2375,11.0,2422.0,3.0,0.1687051876845258,2355.5714285714284,2326.5714285714284,-32203.0
2025-11-27,4.0,24.0,8.0,2389,7.0,2413.0,1.0,0.5894736842105175,2362.1428571428573,2334.9285714285716,-32202.0
2025-11-30,4.0,18.0,10.0,2415,0.0,2433.0,10.0,1.0883214734198399,2372.1428571428573,2345.714285714286,-32192.0
2025-12-01,4.0,26.0,4.0,2410,9.0,2436.0,-5.0,-0.20703933747412417,2382.1428571428573,2354.0,-32197.0
2025-12-02,7.0,34.0,6.0,2407,8.0,2441.0,-2.0,-0.12448132780082943,2391.714285714286,2362.0714285714284,-32199.0
2025-12-03,4.0,32.0,8.0,2419,7.0,2451.0,1.0,0.4985459077690102,2398.0,2370.4285714285716,-32198.0
2025-12-04,16.0,39.0,7.0,2418,13.0,2457.0,-6.0,-0.04133939644481721,2404.714285714286,2377.6428571428573,-32204.0
2025-12-07,4.0,24.0,13.0,2429,12.0,2453.0,1.0,0.454921422663368,2412.4285714285716,2384.0,-32203.0
2025-12-08,9.0,27.0,9.0,2440,4.0,2467.0,5.0,0.45286125977768155,2419.714285714286,2390.9285714285716,-32198.0
2025-12-09,4.0,30.0,7.0,2443,8.0,2473.0,-1.0,0.12295081967212962,2423.714285714286,2397.9285714285716,-32199.0
2025-12-10,10.0,54.0,5.0,2439,9.0,2493.0,-4.0,-0.16373311502251298,2427.8571428571427,2405.0,-32203.0
2025-12-11,7.0,47.0,9.0,2437,10.0,2484.0,-1.0,-0.08200082000819897,2432.1428571428573,2411.9285714285716,-32204.0
2025-12-14,8.0,35.0,4.0,2462,8.0,2497.0,-4.0,1.0258514567090593,2438.285714285714,2418.1428571428573,-32208.0
2025-12-15,11.0,42.0,9.0,2470,7.0,2512.0,2.0,0.32493907392363575,2445.714285714286,2425.214285714286,-32206.0
2025-12-16,8.0,54.0,15.0,2468,9.0,2522.0,6.0,-0.08097165991902688,2451.285714285714,2431.8571428571427,-32200.0
2025-12-17,7.0,31.0,11.0,2481,10.0,2512.0,1.0,0.5267423014586603,2457.1428571428573,2438.4285714285716,-32199.0
2025-12-18,11.0,50.0,6.0,2472,16.0,2522.0,-10.0,-0.36275695284159193,2461.285714285714,2442.5,-32209.0
2025-12-21,6.0,18.0,11.0,2484,14.0,2502.0,-3.0,0.4854368932038833,2467.714285714286,2447.785714285714,-32212.0
